{
  "best_epoch": 2,
  "best_val_f1": 0.937251787132645,
  "best_threshold_raw": 0.09999999403953552,
  "best_threshold": 0.09999999403953552,
  "eval_temperature": 1.0,
  "temperature_scaling": {
    "enabled": false,
    "temperature": 1.0,
    "val_nll_raw": 0.0,
    "val_nll_calibrated": 0.0,
    "val_ece_raw": 0.0,
    "val_ece_calibrated": 0.0,
    "val_brier_raw": 0.0,
    "val_brier_calibrated": 0.0,
    "val_threshold_raw": 0.09999999403953552,
    "val_threshold_calibrated": 0.09999999403953552,
    "val_f1_raw": 0.937251787132645,
    "val_f1_calibrated": 0.937251787132645
  },
  "final_eval_raw": {
    "train": {
      "accuracy": 0.907735982966643,
      "precision": 0.9213665943600867,
      "recall": 0.9366041896361632,
      "f1": 0.928922908693275,
      "fpr": 0.14442231075697212,
      "ece": 0.24385569989681244,
      "brier": 0.17631985247135162,
      "tp": 1699,
      "fp": 145,
      "fn": 115,
      "tn": 859,
      "threshold": 0.09999999403953552,
      "temperature": 1.0
    },
    "val": {
      "accuracy": 0.9163135593220338,
      "precision": 0.9233176838810642,
      "recall": 0.9516129032258065,
      "f1": 0.937251787132645,
      "fpr": 0.15123456790123457,
      "ece": 0.23665674030780792,
      "brier": 0.16590629518032074,
      "tp": 590,
      "fp": 49,
      "fn": 30,
      "tn": 275,
      "threshold": 0.09999999403953552,
      "temperature": 1.0
    },
    "test_random": {
      "accuracy": 0.8481283422459893,
      "precision": 0.8328358208955224,
      "recall": 0.9489795918367347,
      "f1": 0.8871224165341813,
      "fpr": 0.3227665706051873,
      "ece": 0.1674874722957611,
      "brier": 0.1440352201461792,
      "tp": 558,
      "fp": 112,
      "fn": 30,
      "tn": 235,
      "threshold": 0.09999999403953552,
      "temperature": 1.0
    },
    "test_temporal": {
      "accuracy": 0.8481283422459893,
      "precision": 0.8328358208955224,
      "recall": 0.9489795918367347,
      "f1": 0.8871224165341813,
      "fpr": 0.3227665706051873,
      "ece": 0.1674874722957611,
      "brier": 0.1440352201461792,
      "tp": 558,
      "fp": 112,
      "fn": 30,
      "tn": 235,
      "threshold": 0.09999999403953552,
      "temperature": 1.0
    }
  },
  "final_eval": {
    "train": {
      "accuracy": 0.907735982966643,
      "precision": 0.9213665943600867,
      "recall": 0.9366041896361632,
      "f1": 0.928922908693275,
      "fpr": 0.14442231075697212,
      "ece": 0.24385569989681244,
      "brier": 0.17631985247135162,
      "tp": 1699,
      "fp": 145,
      "fn": 115,
      "tn": 859,
      "threshold": 0.09999999403953552,
      "temperature": 1.0
    },
    "val": {
      "accuracy": 0.9163135593220338,
      "precision": 0.9233176838810642,
      "recall": 0.9516129032258065,
      "f1": 0.937251787132645,
      "fpr": 0.15123456790123457,
      "ece": 0.23665674030780792,
      "brier": 0.16590629518032074,
      "tp": 590,
      "fp": 49,
      "fn": 30,
      "tn": 275,
      "threshold": 0.09999999403953552,
      "temperature": 1.0
    },
    "test_random": {
      "accuracy": 0.8481283422459893,
      "precision": 0.8328358208955224,
      "recall": 0.9489795918367347,
      "f1": 0.8871224165341813,
      "fpr": 0.3227665706051873,
      "ece": 0.1674874722957611,
      "brier": 0.1440352201461792,
      "tp": 558,
      "fp": 112,
      "fn": 30,
      "tn": 235,
      "threshold": 0.09999999403953552,
      "temperature": 1.0
    },
    "test_temporal": {
      "accuracy": 0.8481283422459893,
      "precision": 0.8328358208955224,
      "recall": 0.9489795918367347,
      "f1": 0.8871224165341813,
      "fpr": 0.3227665706051873,
      "ece": 0.1674874722957611,
      "brier": 0.1440352201461792,
      "tp": 558,
      "fp": 112,
      "fn": 30,
      "tn": 235,
      "threshold": 0.09999999403953552,
      "temperature": 1.0
    }
  },
  "group_names": {
    "0": "low_rho_low_uncertainty",
    "1": "low_rho_high_uncertainty",
    "2": "high_rho_low_uncertainty",
    "3": "high_rho_high_uncertainty"
  },
  "group_thresholds": {
    "uncertainty_mid": 0.701879620552063,
    "rho_mid": 27.268836975097656
  },
  "prior_stats": {
    "source_prior": [],
    "target_prior": []
  },
  "history": {
    "train_loss": [
      0.6842807531356812,
      0.5090246796607971,
      0.4014163911342621,
      0.36795008182525635,
      0.3506532907485962,
      0.3384547233581543,
      0.3324633836746216,
      0.33428460359573364,
      0.3283767104148865,
      0.3288673162460327
    ],
    "val_f1": [
      0.92247454972592,
      0.937251787132645,
      0.9307875894988067,
      0.92442322991249,
      0.9110204081632653,
      0.8901830282861897
    ],
    "val_ece": [
      0.3264120817184448,
      0.23665674030780792,
      0.19375084340572357,
      0.15512675046920776,
      0.13324834406375885,
      0.13102471828460693
    ],
    "val_threshold": [
      0.2499999850988388,
      0.09999999403953552,
      0.05000000074505806,
      0.05000000074505806,
      0.09999999403953552,
      0.14999999105930328
    ],
    "base_loss": [
      0.6800735592842102,
      0.5024058222770691,
      0.3956049680709839,
      0.3622954189777374,
      0.3439211845397949,
      0.3321215510368347,
      0.32708579301834106,
      0.3288089632987976,
      0.32327061891555786,
      0.32304760813713074
    ],
    "dro_loss": [
      0.6884880065917969,
      0.5156435370445251,
      0.4072278141975403,
      0.37360477447509766,
      0.3573853671550751,
      0.34478792548179626,
      0.3378410041332245,
      0.3397602140903473,
      0.3334828019142151,
      0.3346870243549347
    ]
  },
  "runtime_sec": 0.704486608505249,
  "config": {
    "graph_file": "/home/user/FedSTGCN/cdro_suite/batch2_baselineplus_s3_v1/protocol_graphs/weak_temporal_ood.pt",
    "method": "cdro_ug",
    "hidden_dim": 64,
    "heads": 4,
    "dropout": 0.3,
    "lr": 0.005,
    "weight_decay": 0.0005,
    "epochs": 10,
    "patience": 4,
    "lambda_dro": 0.5,
    "ug_temperature": 0.35,
    "ug_priority_loss_scale": 1.0,
    "ug_uncertainty_scale": 0.2,
    "ug_disagreement_scale": 0.1,
    "ug_sample_weight_scale": 0.0,
    "posthoc_temperature_scaling": false,
    "temp_scale_min": 0.5,
    "temp_scale_max": 5.0,
    "temp_scale_steps": 31,
    "seed": 11,
    "force_cpu": true,
    "physics_context": false,
    "capacity": 120000.0,
    "train_supervised_nodes": 1272,
    "target_meta": {
      "covered_train_nodes": 1272,
      "pseudo_attack_nodes": 0,
      "pseudo_benign_nodes": 0,
      "effective_train_nodes": 1272
    }
  }
}