{
  "best_epoch": 2,
  "best_val_f1": 0.8848167539267016,
  "best_threshold_raw": 0.09999999403953552,
  "best_threshold": 0.09999999403953552,
  "eval_temperature": 1.0,
  "temperature_scaling": {
    "enabled": false,
    "temperature": 1.0,
    "val_nll_raw": 0.0,
    "val_nll_calibrated": 0.0,
    "val_ece_raw": 0.0,
    "val_ece_calibrated": 0.0,
    "val_brier_raw": 0.0,
    "val_brier_calibrated": 0.0,
    "val_threshold_raw": 0.09999999403953552,
    "val_threshold_calibrated": 0.09999999403953552,
    "val_f1_raw": 0.8848167539267016,
    "val_f1_calibrated": 0.8848167539267016
  },
  "final_eval_raw": {
    "train": {
      "accuracy": 0.8788246721709567,
      "precision": 0.8678650268054242,
      "recall": 0.9717514124293786,
      "f1": 0.9168748958853907,
      "fpr": 0.32581648522550544,
      "ece": 0.1291307806968689,
      "brier": 0.10889754444360733,
      "tp": 2752,
      "fp": 419,
      "fn": 80,
      "tn": 867,
      "threshold": 0.09999999403953552,
      "temperature": 1.0
    },
    "val": {
      "accuracy": 0.857451403887689,
      "precision": 0.7946708463949843,
      "recall": 0.9980314960629921,
      "f1": 0.8848167539267016,
      "fpr": 0.3133971291866029,
      "ece": 0.25477442145347595,
      "brier": 0.21918626129627228,
      "tp": 507,
      "fp": 131,
      "fn": 1,
      "tn": 287,
      "threshold": 0.09999999403953552,
      "temperature": 1.0
    },
    "test_random": {
      "accuracy": 0.8614393125671321,
      "precision": 0.7942583732057417,
      "recall": 1.0,
      "f1": 0.8853333333333334,
      "fpr": 0.2979214780600462,
      "ece": 0.10733146965503693,
      "brier": 0.05097206309437752,
      "tp": 498,
      "fp": 129,
      "fn": 0,
      "tn": 304,
      "threshold": 0.09999999403953552,
      "temperature": 1.0
    },
    "test_temporal": {
      "accuracy": 0.8614393125671321,
      "precision": 0.7942583732057417,
      "recall": 1.0,
      "f1": 0.8853333333333334,
      "fpr": 0.2979214780600462,
      "ece": 0.10733146965503693,
      "brier": 0.05097206309437752,
      "tp": 498,
      "fp": 129,
      "fn": 0,
      "tn": 304,
      "threshold": 0.09999999403953552,
      "temperature": 1.0
    }
  },
  "final_eval": {
    "train": {
      "accuracy": 0.8788246721709567,
      "precision": 0.8678650268054242,
      "recall": 0.9717514124293786,
      "f1": 0.9168748958853907,
      "fpr": 0.32581648522550544,
      "ece": 0.1291307806968689,
      "brier": 0.10889754444360733,
      "tp": 2752,
      "fp": 419,
      "fn": 80,
      "tn": 867,
      "threshold": 0.09999999403953552,
      "temperature": 1.0
    },
    "val": {
      "accuracy": 0.857451403887689,
      "precision": 0.7946708463949843,
      "recall": 0.9980314960629921,
      "f1": 0.8848167539267016,
      "fpr": 0.3133971291866029,
      "ece": 0.25477442145347595,
      "brier": 0.21918626129627228,
      "tp": 507,
      "fp": 131,
      "fn": 1,
      "tn": 287,
      "threshold": 0.09999999403953552,
      "temperature": 1.0
    },
    "test_random": {
      "accuracy": 0.8614393125671321,
      "precision": 0.7942583732057417,
      "recall": 1.0,
      "f1": 0.8853333333333334,
      "fpr": 0.2979214780600462,
      "ece": 0.10733146965503693,
      "brier": 0.05097206309437752,
      "tp": 498,
      "fp": 129,
      "fn": 0,
      "tn": 304,
      "threshold": 0.09999999403953552,
      "temperature": 1.0
    },
    "test_temporal": {
      "accuracy": 0.8614393125671321,
      "precision": 0.7942583732057417,
      "recall": 1.0,
      "f1": 0.8853333333333334,
      "fpr": 0.2979214780600462,
      "ece": 0.10733146965503693,
      "brier": 0.05097206309437752,
      "tp": 498,
      "fp": 129,
      "fn": 0,
      "tn": 304,
      "threshold": 0.09999999403953552,
      "temperature": 1.0
    }
  },
  "group_names": {
    "0": "low_rho_low_uncertainty",
    "1": "low_rho_high_uncertainty",
    "2": "high_rho_low_uncertainty",
    "3": "high_rho_high_uncertainty"
  },
  "group_thresholds": {
    "uncertainty_mid": 0.8152983784675598,
    "rho_mid": 24.88705062866211
  },
  "prior_stats": {
    "source_prior": [],
    "target_prior": []
  },
  "history": {
    "train_loss": [
      0.7114474177360535,
      0.4754859209060669,
      0.27474409341812134,
      0.16402743756771088,
      0.10429181158542633,
      0.08283990621566772,
      0.06506118923425674,
      0.05432054400444031,
      0.05628017336130142,
      0.05323909595608711
    ],
    "val_f1": [
      0.8181083265966048,
      0.8848167539267016,
      0.8382213812677389,
      0.7153762268266085,
      0.6544202066590126,
      0.6122931442080378
    ],
    "val_ece": [
      0.1603001356124878,
      0.25477442145347595,
      0.25325658917427063,
      0.29890263080596924,
      0.3358953297138214,
      0.3546755909919739
    ],
    "val_threshold": [
      0.2499999850988388,
      0.09999999403953552,
      0.05000000074505806,
      0.05000000074505806,
      0.05000000074505806,
      0.05000000074505806
    ],
    "base_loss": [
      0.7114474177360535,
      0.4754859209060669,
      0.27474409341812134,
      0.16402743756771088,
      0.10429181158542633,
      0.08283990621566772,
      0.06506118923425674,
      0.05432054400444031,
      0.05628017336130142,
      0.05323909595608711
    ],
    "dro_loss": [
      0.0,
      0.0,
      0.0,
      0.0,
      0.0,
      0.0,
      0.0,
      0.0,
      0.0,
      0.0
    ]
  },
  "runtime_sec": 0.8803935050964355,
  "config": {
    "graph_file": "/home/user/FedSTGCN/cdro_suite/main_baselineplus_s3_v1/protocol_graphs/weak_attack_strategy_ood.pt",
    "method": "noisy_ce",
    "hidden_dim": 64,
    "heads": 4,
    "dropout": 0.3,
    "lr": 0.005,
    "weight_decay": 0.0005,
    "epochs": 10,
    "patience": 4,
    "lambda_dro": 0.5,
    "ug_temperature": 0.35,
    "ug_priority_loss_scale": 1.0,
    "ug_uncertainty_scale": 0.2,
    "ug_disagreement_scale": 0.1,
    "ug_sample_weight_scale": 0.0,
    "posthoc_temperature_scaling": false,
    "temp_scale_min": 0.5,
    "temp_scale_max": 5.0,
    "temp_scale_steps": 31,
    "seed": 11,
    "force_cpu": true,
    "physics_context": false,
    "capacity": 120000.0,
    "train_supervised_nodes": 1550,
    "target_meta": {
      "covered_train_nodes": 1550,
      "pseudo_attack_nodes": 0,
      "pseudo_benign_nodes": 0,
      "effective_train_nodes": 1550
    }
  }
}