{
  "best_epoch": 2,
  "best_val_f1": 0.9077117572692794,
  "best_threshold_raw": 0.09999999403953552,
  "best_threshold": 0.09999999403953552,
  "eval_temperature": 1.0,
  "temperature_scaling": {
    "enabled": false,
    "temperature": 1.0,
    "val_nll_raw": 0.0,
    "val_nll_calibrated": 0.0,
    "val_ece_raw": 0.0,
    "val_ece_calibrated": 0.0,
    "val_brier_raw": 0.0,
    "val_brier_calibrated": 0.0,
    "val_threshold_raw": 0.09999999403953552,
    "val_threshold_calibrated": 0.09999999403953552,
    "val_f1_raw": 0.9077117572692794,
    "val_f1_calibrated": 0.9077117572692794
  },
  "final_eval_raw": {
    "train": {
      "accuracy": 0.9193251533742332,
      "precision": 0.9211945250933222,
      "recall": 0.9681778552746295,
      "f1": 0.9441020191285866,
      "fpr": 0.19668737060041408,
      "ece": 0.20037701725959778,
      "brier": 0.13171760737895966,
      "tp": 2221,
      "fp": 190,
      "fn": 73,
      "tn": 776,
      "threshold": 0.09999999403953552,
      "temperature": 1.0
    },
    "val": {
      "accuracy": 0.8993103448275862,
      "precision": 0.8387850467289719,
      "recall": 0.9889807162534435,
      "f1": 0.9077117572692794,
      "fpr": 0.19060773480662985,
      "ece": 0.27428415417671204,
      "brier": 0.21354423463344574,
      "tp": 359,
      "fp": 69,
      "fn": 4,
      "tn": 293,
      "threshold": 0.09999999403953552,
      "temperature": 1.0
    },
    "test_random": {
      "accuracy": 0.8974719101123596,
      "precision": 0.8333333333333334,
      "recall": 1.0,
      "f1": 0.9090909090909091,
      "fpr": 0.21037463976945245,
      "ece": 0.11991308629512787,
      "brier": 0.06384258717298508,
      "tp": 365,
      "fp": 73,
      "fn": 0,
      "tn": 274,
      "threshold": 0.09999999403953552,
      "temperature": 1.0
    },
    "test_temporal": {
      "accuracy": 0.8974719101123596,
      "precision": 0.8333333333333334,
      "recall": 1.0,
      "f1": 0.9090909090909091,
      "fpr": 0.21037463976945245,
      "ece": 0.11991308629512787,
      "brier": 0.06384258717298508,
      "tp": 365,
      "fp": 73,
      "fn": 0,
      "tn": 274,
      "threshold": 0.09999999403953552,
      "temperature": 1.0
    }
  },
  "final_eval": {
    "train": {
      "accuracy": 0.9193251533742332,
      "precision": 0.9211945250933222,
      "recall": 0.9681778552746295,
      "f1": 0.9441020191285866,
      "fpr": 0.19668737060041408,
      "ece": 0.20037701725959778,
      "brier": 0.13171760737895966,
      "tp": 2221,
      "fp": 190,
      "fn": 73,
      "tn": 776,
      "threshold": 0.09999999403953552,
      "temperature": 1.0
    },
    "val": {
      "accuracy": 0.8993103448275862,
      "precision": 0.8387850467289719,
      "recall": 0.9889807162534435,
      "f1": 0.9077117572692794,
      "fpr": 0.19060773480662985,
      "ece": 0.27428415417671204,
      "brier": 0.21354423463344574,
      "tp": 359,
      "fp": 69,
      "fn": 4,
      "tn": 293,
      "threshold": 0.09999999403953552,
      "temperature": 1.0
    },
    "test_random": {
      "accuracy": 0.8974719101123596,
      "precision": 0.8333333333333334,
      "recall": 1.0,
      "f1": 0.9090909090909091,
      "fpr": 0.21037463976945245,
      "ece": 0.11991308629512787,
      "brier": 0.06384258717298508,
      "tp": 365,
      "fp": 73,
      "fn": 0,
      "tn": 274,
      "threshold": 0.09999999403953552,
      "temperature": 1.0
    },
    "test_temporal": {
      "accuracy": 0.8974719101123596,
      "precision": 0.8333333333333334,
      "recall": 1.0,
      "f1": 0.9090909090909091,
      "fpr": 0.21037463976945245,
      "ece": 0.11991308629512787,
      "brier": 0.06384258717298508,
      "tp": 365,
      "fp": 73,
      "fn": 0,
      "tn": 274,
      "threshold": 0.09999999403953552,
      "temperature": 1.0
    }
  },
  "group_names": {
    "0": "low_rho_low_uncertainty",
    "1": "low_rho_high_uncertainty",
    "2": "high_rho_low_uncertainty",
    "3": "high_rho_high_uncertainty"
  },
  "group_thresholds": {
    "uncertainty_mid": 0.7323845028877258,
    "rho_mid": 29.848581314086914
  },
  "prior_stats": {
    "source_prior": [],
    "target_prior": []
  },
  "history": {
    "train_loss": [
      0.6968582272529602,
      0.5754184722900391,
      0.5380511283874512,
      0.53750079870224,
      0.5335181355476379,
      0.5296222567558289,
      0.526613712310791,
      0.5259905457496643,
      0.5235689282417297,
      0.5227817296981812
    ],
    "val_f1": [
      0.8352201257861636,
      0.9077117572692794,
      0.8018018018018018,
      0.7616191904047976,
      0.7523219814241485,
      0.738709677419355
    ],
    "val_ece": [
      0.2669978439807892,
      0.27428415417671204,
      0.2206568419933319,
      0.1656050831079483,
      0.22973400354385376,
      0.18829986453056335
    ],
    "val_threshold": [
      0.2499999850988388,
      0.09999999403953552,
      0.09999999403953552,
      0.19999998807907104,
      0.2499999850988388,
      0.2499999850988388
    ],
    "base_loss": [
      0.6968582272529602,
      0.5754184722900391,
      0.5380511283874512,
      0.53750079870224,
      0.5335181355476379,
      0.5296222567558289,
      0.526613712310791,
      0.5259905457496643,
      0.5235689282417297,
      0.5227817296981812
    ],
    "dro_loss": [
      0.0,
      0.0,
      0.0,
      0.0,
      0.0,
      0.0,
      0.0,
      0.0,
      0.0,
      0.0
    ]
  },
  "runtime_sec": 0.6800415515899658,
  "config": {
    "graph_file": "/home/user/FedSTGCN/cdro_suite/batch2_baselineplus_s3_v1/protocol_graphs/weak_attack_strategy_ood.pt",
    "method": "posterior_ce",
    "hidden_dim": 64,
    "heads": 4,
    "dropout": 0.3,
    "lr": 0.005,
    "weight_decay": 0.0005,
    "epochs": 10,
    "patience": 4,
    "lambda_dro": 0.5,
    "ug_temperature": 0.35,
    "ug_priority_loss_scale": 1.0,
    "ug_uncertainty_scale": 0.2,
    "ug_disagreement_scale": 0.1,
    "ug_sample_weight_scale": 0.0,
    "posthoc_temperature_scaling": false,
    "temp_scale_min": 0.5,
    "temp_scale_max": 5.0,
    "temp_scale_steps": 31,
    "seed": 11,
    "force_cpu": true,
    "physics_context": false,
    "capacity": 120000.0,
    "train_supervised_nodes": 1331,
    "target_meta": {
      "covered_train_nodes": 1331,
      "pseudo_attack_nodes": 0,
      "pseudo_benign_nodes": 0,
      "effective_train_nodes": 1331
    }
  }
}