{
  "best_epoch": 1,
  "best_val_f1": 0.9338775510204081,
  "best_threshold_raw": 0.3999999761581421,
  "best_threshold": 0.3999999761581421,
  "eval_temperature": 1.0,
  "temperature_scaling": {
    "enabled": false,
    "temperature": 1.0,
    "val_nll_raw": 0.0,
    "val_nll_calibrated": 0.0,
    "val_ece_raw": 0.0,
    "val_ece_calibrated": 0.0,
    "val_brier_raw": 0.0,
    "val_brier_calibrated": 0.0,
    "val_threshold_raw": 0.3999999761581421,
    "val_threshold_calibrated": 0.3999999761581421,
    "val_f1_raw": 0.9338775510204081,
    "val_f1_calibrated": 0.9338775510204081
  },
  "final_eval_raw": {
    "train": {
      "accuracy": 0.9041873669268985,
      "precision": 0.9431687715269805,
      "recall": 0.9057331863285557,
      "f1": 0.9240719910011249,
      "fpr": 0.09860557768924302,
      "ece": 0.25907373428344727,
      "brier": 0.15059393644332886,
      "tp": 1643,
      "fp": 99,
      "fn": 171,
      "tn": 905,
      "threshold": 0.3999999761581421,
      "temperature": 1.0
    },
    "val": {
      "accuracy": 0.9141949152542372,
      "precision": 0.9454545454545454,
      "recall": 0.9225806451612903,
      "f1": 0.9338775510204081,
      "fpr": 0.10185185185185185,
      "ece": 0.26763373613357544,
      "brier": 0.14717647433280945,
      "tp": 572,
      "fp": 33,
      "fn": 48,
      "tn": 291,
      "threshold": 0.3999999761581421,
      "temperature": 1.0
    },
    "test_random": {
      "accuracy": 0.8748663101604278,
      "precision": 0.8768,
      "recall": 0.9319727891156463,
      "f1": 0.9035449299258038,
      "fpr": 0.2219020172910663,
      "ece": 0.21300356090068817,
      "brier": 0.13511747121810913,
      "tp": 548,
      "fp": 77,
      "fn": 40,
      "tn": 270,
      "threshold": 0.3999999761581421,
      "temperature": 1.0
    },
    "test_temporal": {
      "accuracy": 0.8748663101604278,
      "precision": 0.8768,
      "recall": 0.9319727891156463,
      "f1": 0.9035449299258038,
      "fpr": 0.2219020172910663,
      "ece": 0.21300356090068817,
      "brier": 0.13511747121810913,
      "tp": 548,
      "fp": 77,
      "fn": 40,
      "tn": 270,
      "threshold": 0.3999999761581421,
      "temperature": 1.0
    }
  },
  "final_eval": {
    "train": {
      "accuracy": 0.9041873669268985,
      "precision": 0.9431687715269805,
      "recall": 0.9057331863285557,
      "f1": 0.9240719910011249,
      "fpr": 0.09860557768924302,
      "ece": 0.25907373428344727,
      "brier": 0.15059393644332886,
      "tp": 1643,
      "fp": 99,
      "fn": 171,
      "tn": 905,
      "threshold": 0.3999999761581421,
      "temperature": 1.0
    },
    "val": {
      "accuracy": 0.9141949152542372,
      "precision": 0.9454545454545454,
      "recall": 0.9225806451612903,
      "f1": 0.9338775510204081,
      "fpr": 0.10185185185185185,
      "ece": 0.26763373613357544,
      "brier": 0.14717647433280945,
      "tp": 572,
      "fp": 33,
      "fn": 48,
      "tn": 291,
      "threshold": 0.3999999761581421,
      "temperature": 1.0
    },
    "test_random": {
      "accuracy": 0.8748663101604278,
      "precision": 0.8768,
      "recall": 0.9319727891156463,
      "f1": 0.9035449299258038,
      "fpr": 0.2219020172910663,
      "ece": 0.21300356090068817,
      "brier": 0.13511747121810913,
      "tp": 548,
      "fp": 77,
      "fn": 40,
      "tn": 270,
      "threshold": 0.3999999761581421,
      "temperature": 1.0
    },
    "test_temporal": {
      "accuracy": 0.8748663101604278,
      "precision": 0.8768,
      "recall": 0.9319727891156463,
      "f1": 0.9035449299258038,
      "fpr": 0.2219020172910663,
      "ece": 0.21300356090068817,
      "brier": 0.13511747121810913,
      "tp": 548,
      "fp": 77,
      "fn": 40,
      "tn": 270,
      "threshold": 0.3999999761581421,
      "temperature": 1.0
    }
  },
  "group_names": {
    "0": "low_rho_low_uncertainty",
    "1": "low_rho_high_uncertainty",
    "2": "high_rho_low_uncertainty",
    "3": "high_rho_high_uncertainty"
  },
  "group_thresholds": {
    "uncertainty_mid": 0.701879620552063,
    "rho_mid": 27.268836975097656
  },
  "prior_stats": {
    "source_prior": [
      0.6407761573791504,
      0.359223872423172
    ],
    "target_prior": [
      0.5454248189926147,
      0.45457521080970764
    ]
  },
  "history": {
    "train_loss": [
      0.755204439163208,
      0.5571584105491638,
      0.44663241505622864,
      0.40091371536254883,
      0.3931881785392761
    ],
    "val_f1": [
      0.9338775510204081,
      0.9273021001615509,
      0.9258964143426296,
      0.9150943396226415,
      0.8992628992628994
    ],
    "val_ece": [
      0.26763373613357544,
      0.11565746366977692,
      0.11614751815795898,
      0.12256079167127609,
      0.13452115654945374
    ],
    "val_threshold": [
      0.3999999761581421,
      0.2499999850988388,
      0.14999999105930328,
      0.09999999403953552,
      0.09999999403953552
    ],
    "base_loss": [
      0.7433215379714966,
      0.5544723272323608,
      0.44226372241973877,
      0.3943830728530884,
      0.3846489489078522
    ],
    "dro_loss": [
      0.7670872807502747,
      0.5598444938659668,
      0.4510011076927185,
      0.4074443280696869,
      0.40172743797302246
    ]
  },
  "runtime_sec": 0.44126224517822266,
  "config": {
    "graph_file": "/home/user/FedSTGCN/cdro_suite/batch2_baselineplus_s3_v1/protocol_graphs/weak_temporal_ood.pt",
    "method": "cdro_ug_priorcorr",
    "hidden_dim": 64,
    "heads": 4,
    "dropout": 0.3,
    "lr": 0.005,
    "weight_decay": 0.0005,
    "epochs": 10,
    "patience": 4,
    "lambda_dro": 0.5,
    "ug_temperature": 0.35,
    "ug_priority_loss_scale": 1.0,
    "ug_uncertainty_scale": 0.2,
    "ug_disagreement_scale": 0.1,
    "ug_sample_weight_scale": 0.0,
    "posthoc_temperature_scaling": false,
    "temp_scale_min": 0.5,
    "temp_scale_max": 5.0,
    "temp_scale_steps": 31,
    "seed": 22,
    "force_cpu": true,
    "physics_context": false,
    "capacity": 120000.0,
    "train_supervised_nodes": 1272,
    "target_meta": {
      "covered_train_nodes": 1272,
      "pseudo_attack_nodes": 0,
      "pseudo_benign_nodes": 0,
      "effective_train_nodes": 1272
    }
  }
}