{
  "best_epoch": 1,
  "best_val_f1": 0.8668407310704961,
  "best_threshold_raw": 0.5,
  "best_threshold": 0.5,
  "eval_temperature": 1.0,
  "temperature_scaling": {
    "enabled": false,
    "temperature": 1.0,
    "val_nll_raw": 0.0,
    "val_nll_calibrated": 0.0,
    "val_ece_raw": 0.0,
    "val_ece_calibrated": 0.0,
    "val_brier_raw": 0.0,
    "val_brier_calibrated": 0.0,
    "val_threshold_raw": 0.5,
    "val_threshold_calibrated": 0.5,
    "val_f1_raw": 0.8668407310704961,
    "val_f1_calibrated": 0.8668407310704961
  },
  "final_eval_raw": {
    "train": {
      "accuracy": 0.8478260869565217,
      "precision": 0.9344660194174758,
      "recall": 0.8596948269445478,
      "f1": 0.8955223880597015,
      "fpr": 0.18947368421052632,
      "ece": 0.17565712332725525,
      "brier": 0.14571528136730194,
      "tp": 2310,
      "fp": 162,
      "fn": 377,
      "tn": 693,
      "threshold": 0.5,
      "temperature": 1.0
    },
    "val": {
      "accuracy": 0.8553191489361702,
      "precision": 0.8691099476439791,
      "recall": 0.8645833333333334,
      "f1": 0.8668407310704961,
      "fpr": 0.1557632398753894,
      "ece": 0.18567079305648804,
      "brier": 0.14899113774299622,
      "tp": 332,
      "fp": 50,
      "fn": 52,
      "tn": 271,
      "threshold": 0.5,
      "temperature": 1.0
    },
    "test_random": {
      "accuracy": 0.8356481481481481,
      "precision": 0.8207171314741036,
      "recall": 0.8057366362451108,
      "f1": 0.813157894736842,
      "fpr": 0.1404786680541103,
      "ece": 0.180707186460495,
      "brier": 0.1642364263534546,
      "tp": 618,
      "fp": 135,
      "fn": 149,
      "tn": 826,
      "threshold": 0.5,
      "temperature": 1.0
    },
    "test_temporal": {
      "accuracy": 0.8356481481481481,
      "precision": 0.8207171314741036,
      "recall": 0.8057366362451108,
      "f1": 0.813157894736842,
      "fpr": 0.1404786680541103,
      "ece": 0.180707186460495,
      "brier": 0.1642364263534546,
      "tp": 618,
      "fp": 135,
      "fn": 149,
      "tn": 826,
      "threshold": 0.5,
      "temperature": 1.0
    }
  },
  "final_eval": {
    "train": {
      "accuracy": 0.8478260869565217,
      "precision": 0.9344660194174758,
      "recall": 0.8596948269445478,
      "f1": 0.8955223880597015,
      "fpr": 0.18947368421052632,
      "ece": 0.17565712332725525,
      "brier": 0.14571528136730194,
      "tp": 2310,
      "fp": 162,
      "fn": 377,
      "tn": 693,
      "threshold": 0.5,
      "temperature": 1.0
    },
    "val": {
      "accuracy": 0.8553191489361702,
      "precision": 0.8691099476439791,
      "recall": 0.8645833333333334,
      "f1": 0.8668407310704961,
      "fpr": 0.1557632398753894,
      "ece": 0.18567079305648804,
      "brier": 0.14899113774299622,
      "tp": 332,
      "fp": 50,
      "fn": 52,
      "tn": 271,
      "threshold": 0.5,
      "temperature": 1.0
    },
    "test_random": {
      "accuracy": 0.8356481481481481,
      "precision": 0.8207171314741036,
      "recall": 0.8057366362451108,
      "f1": 0.813157894736842,
      "fpr": 0.1404786680541103,
      "ece": 0.180707186460495,
      "brier": 0.1642364263534546,
      "tp": 618,
      "fp": 135,
      "fn": 149,
      "tn": 826,
      "threshold": 0.5,
      "temperature": 1.0
    },
    "test_temporal": {
      "accuracy": 0.8356481481481481,
      "precision": 0.8207171314741036,
      "recall": 0.8057366362451108,
      "f1": 0.813157894736842,
      "fpr": 0.1404786680541103,
      "ece": 0.180707186460495,
      "brier": 0.1642364263534546,
      "tp": 618,
      "fp": 135,
      "fn": 149,
      "tn": 826,
      "threshold": 0.5,
      "temperature": 1.0
    }
  },
  "group_names": {
    "0": "low_rho_low_uncertainty",
    "1": "low_rho_high_uncertainty",
    "2": "high_rho_low_uncertainty",
    "3": "high_rho_high_uncertainty"
  },
  "group_thresholds": {
    "uncertainty_mid": 0.7968408465385437,
    "rho_mid": 26.097820281982422
  },
  "prior_stats": {
    "source_prior": [],
    "target_prior": []
  },
  "history": {
    "train_loss": [
      0.7001359462738037,
      0.5966983437538147,
      0.5528551340103149,
      0.5442894101142883,
      0.5364049673080444
    ],
    "val_f1": [
      0.8668407310704961,
      0.8465473145780051,
      0.8083989501312335,
      0.844207723035952,
      0.8636363636363635
    ],
    "val_ece": [
      0.18567079305648804,
      0.10883691906929016,
      0.15977109968662262,
      0.13596111536026,
      0.13357511162757874
    ],
    "val_threshold": [
      0.5,
      0.29999998211860657,
      0.19999998807907104,
      0.2499999850988388,
      0.3499999940395355
    ],
    "base_loss": [
      0.7001359462738037,
      0.5966983437538147,
      0.5528551340103149,
      0.5442894101142883,
      0.5364049673080444
    ],
    "dro_loss": [
      0.0,
      0.0,
      0.0,
      0.0,
      0.0
    ]
  },
  "runtime_sec": 0.5926408767700195,
  "config": {
    "graph_file": "/home/user/FedSTGCN/cdro_suite/main_baselineplus_s3_v1/protocol_graphs/label_prior_shift_ood.pt",
    "method": "posterior_ce",
    "hidden_dim": 64,
    "heads": 4,
    "dropout": 0.3,
    "lr": 0.005,
    "weight_decay": 0.0005,
    "epochs": 10,
    "patience": 4,
    "lambda_dro": 0.5,
    "ug_temperature": 0.35,
    "ug_priority_loss_scale": 1.0,
    "ug_uncertainty_scale": 0.2,
    "ug_disagreement_scale": 0.1,
    "ug_sample_weight_scale": 0.0,
    "posthoc_temperature_scaling": false,
    "temp_scale_min": 0.5,
    "temp_scale_max": 5.0,
    "temp_scale_steps": 31,
    "seed": 22,
    "force_cpu": true,
    "physics_context": false,
    "capacity": 120000.0,
    "train_supervised_nodes": 1407,
    "target_meta": {
      "covered_train_nodes": 1407,
      "pseudo_attack_nodes": 0,
      "pseudo_benign_nodes": 0,
      "effective_train_nodes": 1407
    }
  }
}