{
  "best_epoch": 3,
  "best_val_f1": 0.9206349206349207,
  "best_threshold_raw": 0.05000000074505806,
  "best_threshold": 0.05000000074505806,
  "eval_temperature": 1.0,
  "temperature_scaling": {
    "enabled": false,
    "temperature": 1.0,
    "val_nll_raw": 0.0,
    "val_nll_calibrated": 0.0,
    "val_ece_raw": 0.0,
    "val_ece_calibrated": 0.0,
    "val_brier_raw": 0.0,
    "val_brier_calibrated": 0.0,
    "val_threshold_raw": 0.05000000074505806,
    "val_threshold_calibrated": 0.05000000074505806,
    "val_f1_raw": 0.9206349206349207,
    "val_f1_calibrated": 0.9206349206349207
  },
  "final_eval_raw": {
    "train": {
      "accuracy": 0.9056603773584906,
      "precision": 0.9062821833161689,
      "recall": 0.9549647314161693,
      "f1": 0.92998678996037,
      "fpr": 0.18840579710144928,
      "ece": 0.16685374081134796,
      "brier": 0.14082659780979156,
      "tp": 1760,
      "fp": 182,
      "fn": 83,
      "tn": 784,
      "threshold": 0.05000000074505806,
      "temperature": 1.0
    },
    "val": {
      "accuracy": 0.898936170212766,
      "precision": 0.8901453957996769,
      "recall": 0.9532871972318339,
      "f1": 0.9206349206349207,
      "fpr": 0.1878453038674033,
      "ece": 0.1654084473848343,
      "brier": 0.1459091305732727,
      "tp": 551,
      "fp": 68,
      "fn": 27,
      "tn": 294,
      "threshold": 0.05000000074505806,
      "temperature": 1.0
    },
    "test_random": {
      "accuracy": 0.8628691983122363,
      "precision": 0.8816855753646677,
      "recall": 0.9051580698835274,
      "f1": 0.8932676518883417,
      "fpr": 0.21037463976945245,
      "ece": 0.19429324567317963,
      "brier": 0.19273419678211212,
      "tp": 544,
      "fp": 73,
      "fn": 57,
      "tn": 274,
      "threshold": 0.05000000074505806,
      "temperature": 1.0
    },
    "test_temporal": {
      "accuracy": 0.8628691983122363,
      "precision": 0.8816855753646677,
      "recall": 0.9051580698835274,
      "f1": 0.8932676518883417,
      "fpr": 0.21037463976945245,
      "ece": 0.19429324567317963,
      "brier": 0.19273419678211212,
      "tp": 544,
      "fp": 73,
      "fn": 57,
      "tn": 274,
      "threshold": 0.05000000074505806,
      "temperature": 1.0
    }
  },
  "final_eval": {
    "train": {
      "accuracy": 0.9056603773584906,
      "precision": 0.9062821833161689,
      "recall": 0.9549647314161693,
      "f1": 0.92998678996037,
      "fpr": 0.18840579710144928,
      "ece": 0.16685374081134796,
      "brier": 0.14082659780979156,
      "tp": 1760,
      "fp": 182,
      "fn": 83,
      "tn": 784,
      "threshold": 0.05000000074505806,
      "temperature": 1.0
    },
    "val": {
      "accuracy": 0.898936170212766,
      "precision": 0.8901453957996769,
      "recall": 0.9532871972318339,
      "f1": 0.9206349206349207,
      "fpr": 0.1878453038674033,
      "ece": 0.1654084473848343,
      "brier": 0.1459091305732727,
      "tp": 551,
      "fp": 68,
      "fn": 27,
      "tn": 294,
      "threshold": 0.05000000074505806,
      "temperature": 1.0
    },
    "test_random": {
      "accuracy": 0.8628691983122363,
      "precision": 0.8816855753646677,
      "recall": 0.9051580698835274,
      "f1": 0.8932676518883417,
      "fpr": 0.21037463976945245,
      "ece": 0.19429324567317963,
      "brier": 0.19273419678211212,
      "tp": 544,
      "fp": 73,
      "fn": 57,
      "tn": 274,
      "threshold": 0.05000000074505806,
      "temperature": 1.0
    },
    "test_temporal": {
      "accuracy": 0.8628691983122363,
      "precision": 0.8816855753646677,
      "recall": 0.9051580698835274,
      "f1": 0.8932676518883417,
      "fpr": 0.21037463976945245,
      "ece": 0.19429324567317963,
      "brier": 0.19273419678211212,
      "tp": 544,
      "fp": 73,
      "fn": 57,
      "tn": 274,
      "threshold": 0.05000000074505806,
      "temperature": 1.0
    }
  },
  "group_names": {
    "0": "low_rho_low_uncertainty",
    "1": "low_rho_high_uncertainty",
    "2": "high_rho_low_uncertainty",
    "3": "high_rho_high_uncertainty"
  },
  "group_thresholds": {
    "uncertainty_mid": 0.7086440324783325,
    "rho_mid": 29.54306411743164
  },
  "prior_stats": {
    "source_prior": [],
    "target_prior": []
  },
  "history": {
    "train_loss": [
      0.6954197883605957,
      0.5087226033210754,
      0.38905400037765503,
      0.3481060564517975,
      0.3316703736782074,
      0.3240370750427246,
      0.31236475706100464,
      0.316752165555954,
      0.30877500772476196,
      0.30795714259147644
    ],
    "val_f1": [
      0.8828382838283829,
      0.9157631359466222,
      0.9206349206349207,
      0.9127857747671465,
      0.8863636363636365,
      0.8743362831858408
    ],
    "val_ece": [
      0.25859585404396057,
      0.18873539566993713,
      0.1654084473848343,
      0.1432206928730011,
      0.11992685496807098,
      0.10828495025634766
    ],
    "val_threshold": [
      0.2499999850988388,
      0.09999999403953552,
      0.05000000074505806,
      0.05000000074505806,
      0.09999999403953552,
      0.14999999105930328
    ],
    "base_loss": [
      0.6910388469696045,
      0.5043398141860962,
      0.3831532895565033,
      0.3417590260505676,
      0.3232991695404053,
      0.31576216220855713,
      0.3050883114337921,
      0.30895480513572693,
      0.30233311653137207,
      0.3007465898990631
    ],
    "dro_loss": [
      0.6998007297515869,
      0.5131053924560547,
      0.39495471119880676,
      0.35445308685302734,
      0.3400415778160095,
      0.3323119878768921,
      0.31964123249053955,
      0.32454952597618103,
      0.31521689891815186,
      0.31516769528388977
    ]
  },
  "runtime_sec": 0.7158255577087402,
  "config": {
    "graph_file": "/home/user/FedSTGCN/cdro_suite/batch2_baselineplus_s3_v1/protocol_graphs/weak_topology_ood.pt",
    "method": "cdro_ug",
    "hidden_dim": 64,
    "heads": 4,
    "dropout": 0.3,
    "lr": 0.005,
    "weight_decay": 0.0005,
    "epochs": 10,
    "patience": 4,
    "lambda_dro": 0.5,
    "ug_temperature": 0.35,
    "ug_priority_loss_scale": 1.0,
    "ug_uncertainty_scale": 0.2,
    "ug_disagreement_scale": 0.1,
    "ug_sample_weight_scale": 0.0,
    "posthoc_temperature_scaling": false,
    "temp_scale_min": 0.5,
    "temp_scale_max": 5.0,
    "temp_scale_steps": 31,
    "seed": 11,
    "force_cpu": true,
    "physics_context": false,
    "capacity": 120000.0,
    "train_supervised_nodes": 1254,
    "target_meta": {
      "covered_train_nodes": 1254,
      "pseudo_attack_nodes": 0,
      "pseudo_benign_nodes": 0,
      "effective_train_nodes": 1254
    }
  }
}