{
  "best_epoch": 2,
  "best_val_f1": 0.8935336381450033,
  "best_threshold_raw": 0.19999998807907104,
  "best_threshold": 0.19999998807907104,
  "eval_temperature": 1.0,
  "temperature_scaling": {
    "enabled": false,
    "temperature": 1.0,
    "val_nll_raw": 0.0,
    "val_nll_calibrated": 0.0,
    "val_ece_raw": 0.0,
    "val_ece_calibrated": 0.0,
    "val_brier_raw": 0.0,
    "val_brier_calibrated": 0.0,
    "val_threshold_raw": 0.19999998807907104,
    "val_threshold_calibrated": 0.19999998807907104,
    "val_f1_raw": 0.8935336381450033,
    "val_f1_calibrated": 0.8935336381450033
  },
  "final_eval_raw": {
    "train": {
      "accuracy": 0.8480089736399327,
      "precision": 0.86980491942324,
      "recall": 0.8972003499562554,
      "f1": 0.8832902670111973,
      "fpr": 0.23984375,
      "ece": 0.1320374310016632,
      "brier": 0.13481906056404114,
      "tp": 2051,
      "fp": 307,
      "fn": 235,
      "tn": 973,
      "threshold": 0.19999998807907104,
      "temperature": 1.0
    },
    "val": {
      "accuracy": 0.8635983263598327,
      "precision": 0.8735632183908046,
      "recall": 0.9144385026737968,
      "f1": 0.8935336381450033,
      "fpr": 0.2214765100671141,
      "ece": 0.11428886651992798,
      "brier": 0.115207739174366,
      "tp": 684,
      "fp": 99,
      "fn": 64,
      "tn": 348,
      "threshold": 0.19999998807907104,
      "temperature": 1.0
    },
    "test_random": {
      "accuracy": 0.8451400329489291,
      "precision": 0.9063324538258575,
      "recall": 0.8544776119402985,
      "f1": 0.8796414852752881,
      "fpr": 0.17317073170731706,
      "ece": 0.179355651140213,
      "brier": 0.15385288000106812,
      "tp": 687,
      "fp": 71,
      "fn": 117,
      "tn": 339,
      "threshold": 0.19999998807907104,
      "temperature": 1.0
    },
    "test_temporal": {
      "accuracy": 0.8451400329489291,
      "precision": 0.9063324538258575,
      "recall": 0.8544776119402985,
      "f1": 0.8796414852752881,
      "fpr": 0.17317073170731706,
      "ece": 0.179355651140213,
      "brier": 0.15385288000106812,
      "tp": 687,
      "fp": 71,
      "fn": 117,
      "tn": 339,
      "threshold": 0.19999998807907104,
      "temperature": 1.0
    }
  },
  "final_eval": {
    "train": {
      "accuracy": 0.8480089736399327,
      "precision": 0.86980491942324,
      "recall": 0.8972003499562554,
      "f1": 0.8832902670111973,
      "fpr": 0.23984375,
      "ece": 0.1320374310016632,
      "brier": 0.13481906056404114,
      "tp": 2051,
      "fp": 307,
      "fn": 235,
      "tn": 973,
      "threshold": 0.19999998807907104,
      "temperature": 1.0
    },
    "val": {
      "accuracy": 0.8635983263598327,
      "precision": 0.8735632183908046,
      "recall": 0.9144385026737968,
      "f1": 0.8935336381450033,
      "fpr": 0.2214765100671141,
      "ece": 0.11428886651992798,
      "brier": 0.115207739174366,
      "tp": 684,
      "fp": 99,
      "fn": 64,
      "tn": 348,
      "threshold": 0.19999998807907104,
      "temperature": 1.0
    },
    "test_random": {
      "accuracy": 0.8451400329489291,
      "precision": 0.9063324538258575,
      "recall": 0.8544776119402985,
      "f1": 0.8796414852752881,
      "fpr": 0.17317073170731706,
      "ece": 0.179355651140213,
      "brier": 0.15385288000106812,
      "tp": 687,
      "fp": 71,
      "fn": 117,
      "tn": 339,
      "threshold": 0.19999998807907104,
      "temperature": 1.0
    },
    "test_temporal": {
      "accuracy": 0.8451400329489291,
      "precision": 0.9063324538258575,
      "recall": 0.8544776119402985,
      "f1": 0.8796414852752881,
      "fpr": 0.17317073170731706,
      "ece": 0.179355651140213,
      "brier": 0.15385288000106812,
      "tp": 687,
      "fp": 71,
      "fn": 117,
      "tn": 339,
      "threshold": 0.19999998807907104,
      "temperature": 1.0
    }
  },
  "group_names": {
    "0": "low_rho_low_uncertainty",
    "1": "low_rho_high_uncertainty",
    "2": "high_rho_low_uncertainty",
    "3": "high_rho_high_uncertainty"
  },
  "group_thresholds": {
    "uncertainty_mid": 0.7968408465385437,
    "rho_mid": 25.788978576660156
  },
  "prior_stats": {
    "source_prior": [],
    "target_prior": []
  },
  "history": {
    "train_loss": [
      0.75474613904953,
      0.5094901323318481,
      0.3031643033027649,
      0.18438418209552765,
      0.11679662019014359,
      0.10041379928588867,
      0.0703292042016983,
      0.05892062187194824,
      0.06028890609741211,
      0.05104969069361687
    ],
    "val_f1": [
      0.8926630434782609,
      0.8935336381450033,
      0.8878748370273795,
      0.8725617685305591,
      0.8483633934535738,
      0.8422477995937712
    ],
    "val_ece": [
      0.1962832659482956,
      0.11428886651992798,
      0.10730946809053421,
      0.11822274327278137,
      0.1520972102880478,
      0.17157217860221863
    ],
    "val_threshold": [
      0.44999998807907104,
      0.19999998807907104,
      0.09999999403953552,
      0.05000000074505806,
      0.05000000074505806,
      0.09999999403953552
    ],
    "base_loss": [
      0.75474613904953,
      0.5094901323318481,
      0.3031643033027649,
      0.18438418209552765,
      0.11679662019014359,
      0.10041379928588867,
      0.0703292042016983,
      0.05892062187194824,
      0.06028890609741211,
      0.05104969069361687
    ],
    "dro_loss": [
      0.0,
      0.0,
      0.0,
      0.0,
      0.0,
      0.0,
      0.0,
      0.0,
      0.0,
      0.0
    ]
  },
  "runtime_sec": 0.8980062007904053,
  "config": {
    "graph_file": "/home/user/FedSTGCN/cdro_suite/main_baselineplus_s3_v1/protocol_graphs/weak_temporal_ood.pt",
    "method": "noisy_ce",
    "hidden_dim": 64,
    "heads": 4,
    "dropout": 0.3,
    "lr": 0.005,
    "weight_decay": 0.0005,
    "epochs": 10,
    "patience": 4,
    "lambda_dro": 0.5,
    "ug_temperature": 0.35,
    "ug_priority_loss_scale": 1.0,
    "ug_uncertainty_scale": 0.2,
    "ug_disagreement_scale": 0.1,
    "ug_sample_weight_scale": 0.0,
    "posthoc_temperature_scaling": false,
    "temp_scale_min": 0.5,
    "temp_scale_max": 5.0,
    "temp_scale_steps": 31,
    "seed": 11,
    "force_cpu": true,
    "physics_context": false,
    "capacity": 120000.0,
    "train_supervised_nodes": 1471,
    "target_meta": {
      "covered_train_nodes": 1471,
      "pseudo_attack_nodes": 0,
      "pseudo_benign_nodes": 0,
      "effective_train_nodes": 1471
    }
  }
}