{
  "best_epoch": 2,
  "best_val_f1": 0.8934426229508197,
  "best_threshold_raw": 0.44999998807907104,
  "best_threshold": 0.44999998807907104,
  "eval_temperature": 1.0,
  "temperature_scaling": {
    "enabled": false,
    "temperature": 1.0,
    "val_nll_raw": 0.0,
    "val_nll_calibrated": 0.0,
    "val_ece_raw": 0.0,
    "val_ece_calibrated": 0.0,
    "val_brier_raw": 0.0,
    "val_brier_calibrated": 0.0,
    "val_threshold_raw": 0.44999998807907104,
    "val_threshold_calibrated": 0.44999998807907104,
    "val_f1_raw": 0.8934426229508197,
    "val_f1_calibrated": 0.8934426229508197
  },
  "final_eval_raw": {
    "train": {
      "accuracy": 0.8438025799214807,
      "precision": 0.9087470449172577,
      "recall": 0.8407699037620298,
      "f1": 0.873437855032947,
      "fpr": 0.15078125,
      "ece": 0.11138252913951874,
      "brier": 0.13256464898586273,
      "tp": 1922,
      "fp": 193,
      "fn": 364,
      "tn": 1087,
      "threshold": 0.44999998807907104,
      "temperature": 1.0
    },
    "val": {
      "accuracy": 0.8694560669456067,
      "precision": 0.9134078212290503,
      "recall": 0.8743315508021391,
      "f1": 0.8934426229508197,
      "fpr": 0.13870246085011187,
      "ece": 0.11235858500003815,
      "brier": 0.11902168393135071,
      "tp": 654,
      "fp": 62,
      "fn": 94,
      "tn": 385,
      "threshold": 0.44999998807907104,
      "temperature": 1.0
    },
    "test_random": {
      "accuracy": 0.8270181219110379,
      "precision": 0.9329446064139941,
      "recall": 0.7960199004975125,
      "f1": 0.8590604026845637,
      "fpr": 0.11219512195121951,
      "ece": 0.15012206137180328,
      "brier": 0.14498737454414368,
      "tp": 640,
      "fp": 46,
      "fn": 164,
      "tn": 364,
      "threshold": 0.44999998807907104,
      "temperature": 1.0
    },
    "test_temporal": {
      "accuracy": 0.8270181219110379,
      "precision": 0.9329446064139941,
      "recall": 0.7960199004975125,
      "f1": 0.8590604026845637,
      "fpr": 0.11219512195121951,
      "ece": 0.15012206137180328,
      "brier": 0.14498737454414368,
      "tp": 640,
      "fp": 46,
      "fn": 164,
      "tn": 364,
      "threshold": 0.44999998807907104,
      "temperature": 1.0
    }
  },
  "final_eval": {
    "train": {
      "accuracy": 0.8438025799214807,
      "precision": 0.9087470449172577,
      "recall": 0.8407699037620298,
      "f1": 0.873437855032947,
      "fpr": 0.15078125,
      "ece": 0.11138252913951874,
      "brier": 0.13256464898586273,
      "tp": 1922,
      "fp": 193,
      "fn": 364,
      "tn": 1087,
      "threshold": 0.44999998807907104,
      "temperature": 1.0
    },
    "val": {
      "accuracy": 0.8694560669456067,
      "precision": 0.9134078212290503,
      "recall": 0.8743315508021391,
      "f1": 0.8934426229508197,
      "fpr": 0.13870246085011187,
      "ece": 0.11235858500003815,
      "brier": 0.11902168393135071,
      "tp": 654,
      "fp": 62,
      "fn": 94,
      "tn": 385,
      "threshold": 0.44999998807907104,
      "temperature": 1.0
    },
    "test_random": {
      "accuracy": 0.8270181219110379,
      "precision": 0.9329446064139941,
      "recall": 0.7960199004975125,
      "f1": 0.8590604026845637,
      "fpr": 0.11219512195121951,
      "ece": 0.15012206137180328,
      "brier": 0.14498737454414368,
      "tp": 640,
      "fp": 46,
      "fn": 164,
      "tn": 364,
      "threshold": 0.44999998807907104,
      "temperature": 1.0
    },
    "test_temporal": {
      "accuracy": 0.8270181219110379,
      "precision": 0.9329446064139941,
      "recall": 0.7960199004975125,
      "f1": 0.8590604026845637,
      "fpr": 0.11219512195121951,
      "ece": 0.15012206137180328,
      "brier": 0.14498737454414368,
      "tp": 640,
      "fp": 46,
      "fn": 164,
      "tn": 364,
      "threshold": 0.44999998807907104,
      "temperature": 1.0
    }
  },
  "group_names": {
    "0": "low_rho_low_uncertainty",
    "1": "low_rho_high_uncertainty",
    "2": "high_rho_low_uncertainty",
    "3": "high_rho_high_uncertainty"
  },
  "group_thresholds": {
    "uncertainty_mid": 0.7968408465385437,
    "rho_mid": 25.788978576660156
  },
  "prior_stats": {
    "source_prior": [],
    "target_prior": []
  },
  "history": {
    "train_loss": [
      0.7662521004676819,
      0.6321062445640564,
      0.5906856060028076,
      0.583500862121582,
      0.5872514843940735,
      0.5818553566932678,
      0.5716457366943359,
      0.5715261697769165,
      0.5725831985473633,
      0.5710073113441467
    ],
    "val_f1": [
      0.8755641521598968,
      0.8934426229508197,
      0.8729208250166335,
      0.8329081632653061,
      0.8275418275418276,
      0.8479685452162518
    ],
    "val_ece": [
      0.25634363293647766,
      0.11235858500003815,
      0.1648675948381424,
      0.22270657122135162,
      0.18888390064239502,
      0.14869274199008942
    ],
    "val_threshold": [
      0.3999999761581421,
      0.44999998807907104,
      0.19999998807907104,
      0.14999999105930328,
      0.19999998807907104,
      0.3999999761581421
    ],
    "base_loss": [
      0.7362907528877258,
      0.61641526222229,
      0.5566394329071045,
      0.5383400321006775,
      0.5377760529518127,
      0.5336163640022278,
      0.5287847518920898,
      0.5308993458747864,
      0.532883882522583,
      0.5309849381446838
    ],
    "dro_loss": [
      0.7962134480476379,
      0.6477972269058228,
      0.6247318387031555,
      0.6286617517471313,
      0.6367269158363342,
      0.6300943493843079,
      0.6145067811012268,
      0.6121529936790466,
      0.6122825145721436,
      0.6110296845436096
    ]
  },
  "runtime_sec": 0.8602452278137207,
  "config": {
    "graph_file": "/home/user/FedSTGCN/cdro_suite/main_baselineplus_s3_v1/protocol_graphs/weak_temporal_ood.pt",
    "method": "cdro_fixed",
    "hidden_dim": 64,
    "heads": 4,
    "dropout": 0.3,
    "lr": 0.005,
    "weight_decay": 0.0005,
    "epochs": 10,
    "patience": 4,
    "lambda_dro": 0.5,
    "ug_temperature": 0.35,
    "ug_priority_loss_scale": 1.0,
    "ug_uncertainty_scale": 0.2,
    "ug_disagreement_scale": 0.1,
    "ug_sample_weight_scale": 0.0,
    "posthoc_temperature_scaling": false,
    "temp_scale_min": 0.5,
    "temp_scale_max": 5.0,
    "temp_scale_steps": 31,
    "seed": 33,
    "force_cpu": true,
    "physics_context": false,
    "capacity": 120000.0,
    "train_supervised_nodes": 1471,
    "target_meta": {
      "covered_train_nodes": 1471,
      "pseudo_attack_nodes": 0,
      "pseudo_benign_nodes": 0,
      "effective_train_nodes": 1471
    }
  }
}