{
  "best_epoch": 2,
  "best_val_f1": 0.9229508196721312,
  "best_threshold_raw": 0.2499999850988388,
  "best_threshold": 0.2499999850988388,
  "eval_temperature": 1.0,
  "temperature_scaling": {
    "enabled": false,
    "temperature": 1.0,
    "val_nll_raw": 0.0,
    "val_nll_calibrated": 0.0,
    "val_ece_raw": 0.0,
    "val_ece_calibrated": 0.0,
    "val_brier_raw": 0.0,
    "val_brier_calibrated": 0.0,
    "val_threshold_raw": 0.2499999850988388,
    "val_threshold_calibrated": 0.2499999850988388,
    "val_f1_raw": 0.9229508196721312,
    "val_f1_calibrated": 0.9229508196721312
  },
  "final_eval_raw": {
    "train": {
      "accuracy": 0.8850248403122782,
      "precision": 0.9387514723203769,
      "recall": 0.8787210584343991,
      "f1": 0.9077448747152619,
      "fpr": 0.10358565737051793,
      "ece": 0.17328038811683655,
      "brier": 0.15853025019168854,
      "tp": 1594,
      "fp": 104,
      "fn": 220,
      "tn": 900,
      "threshold": 0.2499999850988388,
      "temperature": 1.0
    },
    "val": {
      "accuracy": 0.9004237288135594,
      "precision": 0.9383333333333334,
      "recall": 0.9080645161290323,
      "f1": 0.9229508196721312,
      "fpr": 0.11419753086419752,
      "ece": 0.17313283681869507,
      "brier": 0.15348251163959503,
      "tp": 563,
      "fp": 37,
      "fn": 57,
      "tn": 287,
      "threshold": 0.2499999850988388,
      "temperature": 1.0
    },
    "test_random": {
      "accuracy": 0.8577540106951872,
      "precision": 0.8687196110210696,
      "recall": 0.9115646258503401,
      "f1": 0.8896265560165975,
      "fpr": 0.2334293948126801,
      "ece": 0.1099618524312973,
      "brier": 0.1263863742351532,
      "tp": 536,
      "fp": 81,
      "fn": 52,
      "tn": 266,
      "threshold": 0.2499999850988388,
      "temperature": 1.0
    },
    "test_temporal": {
      "accuracy": 0.8577540106951872,
      "precision": 0.8687196110210696,
      "recall": 0.9115646258503401,
      "f1": 0.8896265560165975,
      "fpr": 0.2334293948126801,
      "ece": 0.1099618524312973,
      "brier": 0.1263863742351532,
      "tp": 536,
      "fp": 81,
      "fn": 52,
      "tn": 266,
      "threshold": 0.2499999850988388,
      "temperature": 1.0
    }
  },
  "final_eval": {
    "train": {
      "accuracy": 0.8850248403122782,
      "precision": 0.9387514723203769,
      "recall": 0.8787210584343991,
      "f1": 0.9077448747152619,
      "fpr": 0.10358565737051793,
      "ece": 0.17328038811683655,
      "brier": 0.15853025019168854,
      "tp": 1594,
      "fp": 104,
      "fn": 220,
      "tn": 900,
      "threshold": 0.2499999850988388,
      "temperature": 1.0
    },
    "val": {
      "accuracy": 0.9004237288135594,
      "precision": 0.9383333333333334,
      "recall": 0.9080645161290323,
      "f1": 0.9229508196721312,
      "fpr": 0.11419753086419752,
      "ece": 0.17313283681869507,
      "brier": 0.15348251163959503,
      "tp": 563,
      "fp": 37,
      "fn": 57,
      "tn": 287,
      "threshold": 0.2499999850988388,
      "temperature": 1.0
    },
    "test_random": {
      "accuracy": 0.8577540106951872,
      "precision": 0.8687196110210696,
      "recall": 0.9115646258503401,
      "f1": 0.8896265560165975,
      "fpr": 0.2334293948126801,
      "ece": 0.1099618524312973,
      "brier": 0.1263863742351532,
      "tp": 536,
      "fp": 81,
      "fn": 52,
      "tn": 266,
      "threshold": 0.2499999850988388,
      "temperature": 1.0
    },
    "test_temporal": {
      "accuracy": 0.8577540106951872,
      "precision": 0.8687196110210696,
      "recall": 0.9115646258503401,
      "f1": 0.8896265560165975,
      "fpr": 0.2334293948126801,
      "ece": 0.1099618524312973,
      "brier": 0.1263863742351532,
      "tp": 536,
      "fp": 81,
      "fn": 52,
      "tn": 266,
      "threshold": 0.2499999850988388,
      "temperature": 1.0
    }
  },
  "group_names": {
    "0": "low_rho_low_uncertainty",
    "1": "low_rho_high_uncertainty",
    "2": "high_rho_low_uncertainty",
    "3": "high_rho_high_uncertainty"
  },
  "group_thresholds": {
    "uncertainty_mid": 0.701879620552063,
    "rho_mid": 27.268836975097656
  },
  "prior_stats": {
    "source_prior": [],
    "target_prior": []
  },
  "history": {
    "train_loss": [
      0.762435793876648,
      0.6075460314750671,
      0.5382028818130493,
      0.5257766246795654,
      0.5316370129585266,
      0.5284055471420288,
      0.524839460849762,
      0.5205302834510803,
      0.5198962092399597,
      0.5179856419563293
    ],
    "val_f1": [
      0.9183333333333333,
      0.9229508196721312,
      0.919967663702506,
      0.8743633276740237,
      0.875,
      0.9058728881737732
    ],
    "val_ece": [
      0.2714719772338867,
      0.17313283681869507,
      0.19865696132183075,
      0.2280721664428711,
      0.23526430130004883,
      0.19003866612911224
    ],
    "val_threshold": [
      0.3999999761581421,
      0.2499999850988388,
      0.14999999105930328,
      0.14999999105930328,
      0.14999999105930328,
      0.19999998807907104
    ],
    "base_loss": [
      0.762435793876648,
      0.6075460314750671,
      0.5382028818130493,
      0.5257766246795654,
      0.5316370129585266,
      0.5284055471420288,
      0.524839460849762,
      0.5205302834510803,
      0.5198962092399597,
      0.5179856419563293
    ],
    "dro_loss": [
      0.0,
      0.0,
      0.0,
      0.0,
      0.0,
      0.0,
      0.0,
      0.0,
      0.0,
      0.0
    ]
  },
  "runtime_sec": 0.6771228313446045,
  "config": {
    "graph_file": "/home/user/FedSTGCN/cdro_suite/batch2_baselineplus_s3_v1/protocol_graphs/weak_temporal_ood.pt",
    "method": "posterior_ce",
    "hidden_dim": 64,
    "heads": 4,
    "dropout": 0.3,
    "lr": 0.005,
    "weight_decay": 0.0005,
    "epochs": 10,
    "patience": 4,
    "lambda_dro": 0.5,
    "ug_temperature": 0.35,
    "ug_priority_loss_scale": 1.0,
    "ug_uncertainty_scale": 0.2,
    "ug_disagreement_scale": 0.1,
    "ug_sample_weight_scale": 0.0,
    "posthoc_temperature_scaling": false,
    "temp_scale_min": 0.5,
    "temp_scale_max": 5.0,
    "temp_scale_steps": 31,
    "seed": 22,
    "force_cpu": true,
    "physics_context": false,
    "capacity": 120000.0,
    "train_supervised_nodes": 1272,
    "target_meta": {
      "covered_train_nodes": 1272,
      "pseudo_attack_nodes": 0,
      "pseudo_benign_nodes": 0,
      "effective_train_nodes": 1272
    }
  }
}