{
  "best_epoch": 2,
  "best_val_f1": 0.8864717878993881,
  "best_threshold_raw": 0.44999998807907104,
  "best_threshold": 0.44999998807907104,
  "eval_temperature": 1.0,
  "temperature_scaling": {
    "enabled": false,
    "temperature": 1.0,
    "val_nll_raw": 0.0,
    "val_nll_calibrated": 0.0,
    "val_ece_raw": 0.0,
    "val_ece_calibrated": 0.0,
    "val_brier_raw": 0.0,
    "val_brier_calibrated": 0.0,
    "val_threshold_raw": 0.44999998807907104,
    "val_threshold_calibrated": 0.44999998807907104,
    "val_f1_raw": 0.8864717878993881,
    "val_f1_calibrated": 0.8864717878993881
  },
  "final_eval_raw": {
    "train": {
      "accuracy": 0.8393389325386075,
      "precision": 0.9221808014911463,
      "recall": 0.8228690228690229,
      "f1": 0.8696989672599429,
      "fpr": 0.12986003110419908,
      "ece": 0.11877657473087311,
      "brier": 0.13371235132217407,
      "tp": 1979,
      "fp": 167,
      "fn": 426,
      "tn": 1119,
      "threshold": 0.44999998807907104,
      "temperature": 1.0
    },
    "val": {
      "accuracy": 0.8593091828138163,
      "precision": 0.9287749287749287,
      "recall": 0.8478543563068921,
      "f1": 0.8864717878993881,
      "fpr": 0.11961722488038277,
      "ece": 0.12130454182624817,
      "brier": 0.12303370982408524,
      "tp": 652,
      "fp": 50,
      "fn": 117,
      "tn": 368,
      "threshold": 0.44999998807907104,
      "temperature": 1.0
    },
    "test_random": {
      "accuracy": 0.8969917958067457,
      "precision": 0.9258114374034003,
      "recall": 0.9021084337349398,
      "f1": 0.9138062547673531,
      "fpr": 0.11085450346420324,
      "ece": 0.1327129602432251,
      "brier": 0.10176663845777512,
      "tp": 599,
      "fp": 48,
      "fn": 65,
      "tn": 385,
      "threshold": 0.44999998807907104,
      "temperature": 1.0
    },
    "test_temporal": {
      "accuracy": 0.8969917958067457,
      "precision": 0.9258114374034003,
      "recall": 0.9021084337349398,
      "f1": 0.9138062547673531,
      "fpr": 0.11085450346420324,
      "ece": 0.1327129602432251,
      "brier": 0.10176663845777512,
      "tp": 599,
      "fp": 48,
      "fn": 65,
      "tn": 385,
      "threshold": 0.44999998807907104,
      "temperature": 1.0
    }
  },
  "final_eval": {
    "train": {
      "accuracy": 0.8393389325386075,
      "precision": 0.9221808014911463,
      "recall": 0.8228690228690229,
      "f1": 0.8696989672599429,
      "fpr": 0.12986003110419908,
      "ece": 0.11877657473087311,
      "brier": 0.13371235132217407,
      "tp": 1979,
      "fp": 167,
      "fn": 426,
      "tn": 1119,
      "threshold": 0.44999998807907104,
      "temperature": 1.0
    },
    "val": {
      "accuracy": 0.8593091828138163,
      "precision": 0.9287749287749287,
      "recall": 0.8478543563068921,
      "f1": 0.8864717878993881,
      "fpr": 0.11961722488038277,
      "ece": 0.12130454182624817,
      "brier": 0.12303370982408524,
      "tp": 652,
      "fp": 50,
      "fn": 117,
      "tn": 368,
      "threshold": 0.44999998807907104,
      "temperature": 1.0
    },
    "test_random": {
      "accuracy": 0.8969917958067457,
      "precision": 0.9258114374034003,
      "recall": 0.9021084337349398,
      "f1": 0.9138062547673531,
      "fpr": 0.11085450346420324,
      "ece": 0.1327129602432251,
      "brier": 0.10176663845777512,
      "tp": 599,
      "fp": 48,
      "fn": 65,
      "tn": 385,
      "threshold": 0.44999998807907104,
      "temperature": 1.0
    },
    "test_temporal": {
      "accuracy": 0.8969917958067457,
      "precision": 0.9258114374034003,
      "recall": 0.9021084337349398,
      "f1": 0.9138062547673531,
      "fpr": 0.11085450346420324,
      "ece": 0.1327129602432251,
      "brier": 0.10176663845777512,
      "tp": 599,
      "fp": 48,
      "fn": 65,
      "tn": 385,
      "threshold": 0.44999998807907104,
      "temperature": 1.0
    }
  },
  "group_names": {
    "0": "low_rho_low_uncertainty",
    "1": "low_rho_high_uncertainty",
    "2": "high_rho_low_uncertainty",
    "3": "high_rho_high_uncertainty"
  },
  "group_thresholds": {
    "uncertainty_mid": 0.8068378567695618,
    "rho_mid": 24.517658233642578
  },
  "prior_stats": {
    "source_prior": [],
    "target_prior": []
  },
  "history": {
    "train_loss": [
      0.7666983604431152,
      0.6328309178352356,
      0.5918139815330505,
      0.5931786298751831,
      0.5876548290252686,
      0.5851151347160339,
      0.5777612924575806,
      0.574966549873352,
      0.5789777040481567,
      0.5775667428970337
    ],
    "val_f1": [
      0.8740359897172235,
      0.8864717878993881,
      0.8733153638814016,
      0.8564263322884013,
      0.8299492385786801,
      0.8169381107491857
    ],
    "val_ece": [
      0.24776360392570496,
      0.12130454182624817,
      0.16725870966911316,
      0.22258315980434418,
      0.2321922779083252,
      0.14249694347381592
    ],
    "val_threshold": [
      0.3999999761581421,
      0.44999998807907104,
      0.2499999850988388,
      0.14999999105930328,
      0.19999998807907104,
      0.3499999940395355
    ],
    "base_loss": [
      0.7386407852172852,
      0.6179187297821045,
      0.5611207485198975,
      0.550104022026062,
      0.5451768636703491,
      0.5428200960159302,
      0.5396865010261536,
      0.5386962890625,
      0.5429296493530273,
      0.5404518246650696
    ],
    "dro_loss": [
      0.7947559952735901,
      0.6477431058883667,
      0.6225072145462036,
      0.6362531781196594,
      0.630132794380188,
      0.6274101734161377,
      0.6158361434936523,
      0.6112367510795593,
      0.6150257587432861,
      0.6146817207336426
    ]
  },
  "runtime_sec": 0.8791513442993164,
  "config": {
    "graph_file": "/home/user/FedSTGCN/cdro_suite/main_baselineplus_s3_v1/protocol_graphs/weak_topology_ood.pt",
    "method": "cdro_fixed",
    "hidden_dim": 64,
    "heads": 4,
    "dropout": 0.3,
    "lr": 0.005,
    "weight_decay": 0.0005,
    "epochs": 10,
    "patience": 4,
    "lambda_dro": 0.5,
    "ug_temperature": 0.35,
    "ug_priority_loss_scale": 1.0,
    "ug_uncertainty_scale": 0.2,
    "ug_disagreement_scale": 0.1,
    "ug_sample_weight_scale": 0.0,
    "posthoc_temperature_scaling": false,
    "temp_scale_min": 0.5,
    "temp_scale_max": 5.0,
    "temp_scale_steps": 31,
    "seed": 33,
    "force_cpu": true,
    "physics_context": false,
    "capacity": 120000.0,
    "train_supervised_nodes": 1513,
    "target_meta": {
      "covered_train_nodes": 1513,
      "pseudo_attack_nodes": 0,
      "pseudo_benign_nodes": 0,
      "effective_train_nodes": 1513
    }
  }
}