{
  "best_epoch": 2,
  "best_val_f1": 0.8474264705882352,
  "best_threshold_raw": 0.14999999105930328,
  "best_threshold": 0.14999999105930328,
  "eval_temperature": 1.0,
  "temperature_scaling": {
    "enabled": false,
    "temperature": 1.0,
    "val_nll_raw": 0.0,
    "val_nll_calibrated": 0.0,
    "val_ece_raw": 0.0,
    "val_ece_calibrated": 0.0,
    "val_brier_raw": 0.0,
    "val_brier_calibrated": 0.0,
    "val_threshold_raw": 0.14999999105930328,
    "val_threshold_calibrated": 0.14999999105930328,
    "val_f1_raw": 0.8474264705882352,
    "val_f1_calibrated": 0.8474264705882352
  },
  "final_eval_raw": {
    "train": {
      "accuracy": 0.8776104905293832,
      "precision": 0.875,
      "recall": 0.9590395480225988,
      "f1": 0.9150943396226415,
      "fpr": 0.30171073094867806,
      "ece": 0.13152942061424255,
      "brier": 0.10306737571954727,
      "tp": 2716,
      "fp": 388,
      "fn": 116,
      "tn": 898,
      "threshold": 0.14999999105930328,
      "temperature": 1.0
    },
    "val": {
      "accuracy": 0.8207343412526998,
      "precision": 0.7948275862068965,
      "recall": 0.90748031496063,
      "f1": 0.8474264705882352,
      "fpr": 0.284688995215311,
      "ece": 0.21947835385799408,
      "brier": 0.20872828364372253,
      "tp": 461,
      "fp": 119,
      "fn": 47,
      "tn": 299,
      "threshold": 0.14999999105930328,
      "temperature": 1.0
    },
    "test_random": {
      "accuracy": 0.8764769065520945,
      "precision": 0.8123980424143556,
      "recall": 1.0,
      "f1": 0.8964896489648966,
      "fpr": 0.26558891454965355,
      "ece": 0.11667478084564209,
      "brier": 0.051841504871845245,
      "tp": 498,
      "fp": 115,
      "fn": 0,
      "tn": 318,
      "threshold": 0.14999999105930328,
      "temperature": 1.0
    },
    "test_temporal": {
      "accuracy": 0.8764769065520945,
      "precision": 0.8123980424143556,
      "recall": 1.0,
      "f1": 0.8964896489648966,
      "fpr": 0.26558891454965355,
      "ece": 0.11667478084564209,
      "brier": 0.051841504871845245,
      "tp": 498,
      "fp": 115,
      "fn": 0,
      "tn": 318,
      "threshold": 0.14999999105930328,
      "temperature": 1.0
    }
  },
  "final_eval": {
    "train": {
      "accuracy": 0.8776104905293832,
      "precision": 0.875,
      "recall": 0.9590395480225988,
      "f1": 0.9150943396226415,
      "fpr": 0.30171073094867806,
      "ece": 0.13152942061424255,
      "brier": 0.10306737571954727,
      "tp": 2716,
      "fp": 388,
      "fn": 116,
      "tn": 898,
      "threshold": 0.14999999105930328,
      "temperature": 1.0
    },
    "val": {
      "accuracy": 0.8207343412526998,
      "precision": 0.7948275862068965,
      "recall": 0.90748031496063,
      "f1": 0.8474264705882352,
      "fpr": 0.284688995215311,
      "ece": 0.21947835385799408,
      "brier": 0.20872828364372253,
      "tp": 461,
      "fp": 119,
      "fn": 47,
      "tn": 299,
      "threshold": 0.14999999105930328,
      "temperature": 1.0
    },
    "test_random": {
      "accuracy": 0.8764769065520945,
      "precision": 0.8123980424143556,
      "recall": 1.0,
      "f1": 0.8964896489648966,
      "fpr": 0.26558891454965355,
      "ece": 0.11667478084564209,
      "brier": 0.051841504871845245,
      "tp": 498,
      "fp": 115,
      "fn": 0,
      "tn": 318,
      "threshold": 0.14999999105930328,
      "temperature": 1.0
    },
    "test_temporal": {
      "accuracy": 0.8764769065520945,
      "precision": 0.8123980424143556,
      "recall": 1.0,
      "f1": 0.8964896489648966,
      "fpr": 0.26558891454965355,
      "ece": 0.11667478084564209,
      "brier": 0.051841504871845245,
      "tp": 498,
      "fp": 115,
      "fn": 0,
      "tn": 318,
      "threshold": 0.14999999105930328,
      "temperature": 1.0
    }
  },
  "group_names": {
    "0": "low_rho_low_uncertainty",
    "1": "low_rho_high_uncertainty",
    "2": "high_rho_low_uncertainty",
    "3": "high_rho_high_uncertainty"
  },
  "group_thresholds": {
    "uncertainty_mid": 0.8152983784675598,
    "rho_mid": 24.88705062866211
  },
  "prior_stats": {
    "source_prior": [
      0.43341875076293945,
      0.5665812492370605
    ],
    "target_prior": [
      0.4842565059661865,
      0.5157434344291687
    ]
  },
  "history": {
    "train_loss": [
      0.7161985635757446,
      0.5249748826026917,
      0.3880261182785034,
      0.3409672677516937,
      0.32935214042663574,
      0.3317200541496277,
      0.32546693086624146,
      0.3222843408584595,
      0.3250259757041931,
      0.3230585753917694
    ],
    "val_f1": [
      0.7925801011804384,
      0.8474264705882352,
      0.8295081967213115,
      0.7371663244353183,
      0.68994708994709,
      0.7085076708507672
    ],
    "val_ece": [
      0.16743743419647217,
      0.21947835385799408,
      0.23910284042358398,
      0.2889344096183777,
      0.32050392031669617,
      0.3224480152130127
    ],
    "val_threshold": [
      0.29999998211860657,
      0.14999999105930328,
      0.05000000074505806,
      0.05000000074505806,
      0.05000000074505806,
      0.05000000074505806
    ],
    "base_loss": [
      0.7152943015098572,
      0.5229288339614868,
      0.38283318281173706,
      0.33251598477363586,
      0.3188592791557312,
      0.3221387565135956,
      0.31568092107772827,
      0.3119796812534332,
      0.3154961168766022,
      0.3144384026527405
    ],
    "dro_loss": [
      0.7171028852462769,
      0.5270209312438965,
      0.3932190239429474,
      0.3494185507297516,
      0.3398450016975403,
      0.3413013219833374,
      0.33525294065475464,
      0.3325890004634857,
      0.33455586433410645,
      0.33167874813079834
    ]
  },
  "runtime_sec": 0.8715648651123047,
  "config": {
    "graph_file": "/home/user/FedSTGCN/cdro_suite/main_baselineplus_s3_v1/protocol_graphs/weak_attack_strategy_ood.pt",
    "method": "cdro_ug_priorcorr",
    "hidden_dim": 64,
    "heads": 4,
    "dropout": 0.3,
    "lr": 0.005,
    "weight_decay": 0.0005,
    "epochs": 10,
    "patience": 4,
    "lambda_dro": 0.5,
    "ug_temperature": 0.35,
    "ug_priority_loss_scale": 1.0,
    "ug_uncertainty_scale": 0.2,
    "ug_disagreement_scale": 0.1,
    "ug_sample_weight_scale": 0.0,
    "posthoc_temperature_scaling": false,
    "temp_scale_min": 0.5,
    "temp_scale_max": 5.0,
    "temp_scale_steps": 31,
    "seed": 11,
    "force_cpu": true,
    "physics_context": false,
    "capacity": 120000.0,
    "train_supervised_nodes": 1550,
    "target_meta": {
      "covered_train_nodes": 1550,
      "pseudo_attack_nodes": 0,
      "pseudo_benign_nodes": 0,
      "effective_train_nodes": 1550
    }
  }
}