{
  "best_epoch": 2,
  "best_val_f1": 0.9052631578947369,
  "best_threshold_raw": 0.19999998807907104,
  "best_threshold": 0.19999998807907104,
  "eval_temperature": 1.0,
  "temperature_scaling": {
    "enabled": false,
    "temperature": 1.0,
    "val_nll_raw": 0.0,
    "val_nll_calibrated": 0.0,
    "val_ece_raw": 0.0,
    "val_ece_calibrated": 0.0,
    "val_brier_raw": 0.0,
    "val_brier_calibrated": 0.0,
    "val_threshold_raw": 0.19999998807907104,
    "val_threshold_calibrated": 0.19999998807907104,
    "val_f1_raw": 0.9052631578947369,
    "val_f1_calibrated": 0.9052631578947369
  },
  "final_eval_raw": {
    "train": {
      "accuracy": 0.8757668711656442,
      "precision": 0.9283446712018141,
      "recall": 0.8923278116826504,
      "f1": 0.9099799955545678,
      "fpr": 0.16356107660455488,
      "ece": 0.14504964649677277,
      "brier": 0.10703961551189423,
      "tp": 2047,
      "fp": 158,
      "fn": 247,
      "tn": 808,
      "threshold": 0.19999998807907104,
      "temperature": 1.0
    },
    "val": {
      "accuracy": 0.9006896551724138,
      "precision": 0.8664987405541562,
      "recall": 0.9476584022038568,
      "f1": 0.9052631578947369,
      "fpr": 0.1464088397790055,
      "ece": 0.2589651644229889,
      "brier": 0.18192003667354584,
      "tp": 344,
      "fp": 53,
      "fn": 19,
      "tn": 309,
      "threshold": 0.19999998807907104,
      "temperature": 1.0
    },
    "test_random": {
      "accuracy": 0.9073033707865169,
      "precision": 0.8468677494199536,
      "recall": 1.0,
      "f1": 0.9170854271356783,
      "fpr": 0.19020172910662825,
      "ece": 0.16951805353164673,
      "brier": 0.04999269172549248,
      "tp": 365,
      "fp": 66,
      "fn": 0,
      "tn": 281,
      "threshold": 0.19999998807907104,
      "temperature": 1.0
    },
    "test_temporal": {
      "accuracy": 0.9073033707865169,
      "precision": 0.8468677494199536,
      "recall": 1.0,
      "f1": 0.9170854271356783,
      "fpr": 0.19020172910662825,
      "ece": 0.16951805353164673,
      "brier": 0.04999269172549248,
      "tp": 365,
      "fp": 66,
      "fn": 0,
      "tn": 281,
      "threshold": 0.19999998807907104,
      "temperature": 1.0
    }
  },
  "final_eval": {
    "train": {
      "accuracy": 0.8757668711656442,
      "precision": 0.9283446712018141,
      "recall": 0.8923278116826504,
      "f1": 0.9099799955545678,
      "fpr": 0.16356107660455488,
      "ece": 0.14504964649677277,
      "brier": 0.10703961551189423,
      "tp": 2047,
      "fp": 158,
      "fn": 247,
      "tn": 808,
      "threshold": 0.19999998807907104,
      "temperature": 1.0
    },
    "val": {
      "accuracy": 0.9006896551724138,
      "precision": 0.8664987405541562,
      "recall": 0.9476584022038568,
      "f1": 0.9052631578947369,
      "fpr": 0.1464088397790055,
      "ece": 0.2589651644229889,
      "brier": 0.18192003667354584,
      "tp": 344,
      "fp": 53,
      "fn": 19,
      "tn": 309,
      "threshold": 0.19999998807907104,
      "temperature": 1.0
    },
    "test_random": {
      "accuracy": 0.9073033707865169,
      "precision": 0.8468677494199536,
      "recall": 1.0,
      "f1": 0.9170854271356783,
      "fpr": 0.19020172910662825,
      "ece": 0.16951805353164673,
      "brier": 0.04999269172549248,
      "tp": 365,
      "fp": 66,
      "fn": 0,
      "tn": 281,
      "threshold": 0.19999998807907104,
      "temperature": 1.0
    },
    "test_temporal": {
      "accuracy": 0.9073033707865169,
      "precision": 0.8468677494199536,
      "recall": 1.0,
      "f1": 0.9170854271356783,
      "fpr": 0.19020172910662825,
      "ece": 0.16951805353164673,
      "brier": 0.04999269172549248,
      "tp": 365,
      "fp": 66,
      "fn": 0,
      "tn": 281,
      "threshold": 0.19999998807907104,
      "temperature": 1.0
    }
  },
  "group_names": {
    "0": "low_rho_low_uncertainty",
    "1": "low_rho_high_uncertainty",
    "2": "high_rho_low_uncertainty",
    "3": "high_rho_high_uncertainty"
  },
  "group_thresholds": {
    "uncertainty_mid": 0.7323845028877258,
    "rho_mid": 29.848581314086914
  },
  "prior_stats": {
    "source_prior": [],
    "target_prior": []
  },
  "history": {
    "train_loss": [
      0.7257367372512817,
      0.5898645520210266,
      0.5331024527549744,
      0.5388956665992737,
      0.5385816693305969,
      0.5339059233665466,
      0.5300261974334717,
      0.5266019105911255,
      0.5260080695152283,
      0.5256996154785156
    ],
    "val_f1": [
      0.9052369077306733,
      0.9052631578947369,
      0.8616600790513834,
      0.7670043415340086,
      0.74375,
      0.7081339712918661
    ],
    "val_ece": [
      0.24993284046649933,
      0.2589651644229889,
      0.22550107538700104,
      0.23288093507289886,
      0.2227763533592224,
      0.17835117876529694
    ],
    "val_threshold": [
      0.3499999940395355,
      0.19999998807907104,
      0.09999999403953552,
      0.09999999403953552,
      0.14999999105930328,
      0.2499999850988388
    ],
    "base_loss": [
      0.7257367372512817,
      0.5898645520210266,
      0.5331024527549744,
      0.5388956665992737,
      0.5385816693305969,
      0.5339059233665466,
      0.5300261974334717,
      0.5266019105911255,
      0.5260080695152283,
      0.5256996154785156
    ],
    "dro_loss": [
      0.0,
      0.0,
      0.0,
      0.0,
      0.0,
      0.0,
      0.0,
      0.0,
      0.0,
      0.0
    ]
  },
  "runtime_sec": 0.7228574752807617,
  "config": {
    "graph_file": "/home/user/FedSTGCN/cdro_suite/batch2_baselineplus_s3_v1/protocol_graphs/weak_attack_strategy_ood.pt",
    "method": "posterior_ce",
    "hidden_dim": 64,
    "heads": 4,
    "dropout": 0.3,
    "lr": 0.005,
    "weight_decay": 0.0005,
    "epochs": 10,
    "patience": 4,
    "lambda_dro": 0.5,
    "ug_temperature": 0.35,
    "ug_priority_loss_scale": 1.0,
    "ug_uncertainty_scale": 0.2,
    "ug_disagreement_scale": 0.1,
    "ug_sample_weight_scale": 0.0,
    "posthoc_temperature_scaling": false,
    "temp_scale_min": 0.5,
    "temp_scale_max": 5.0,
    "temp_scale_steps": 31,
    "seed": 33,
    "force_cpu": true,
    "physics_context": false,
    "capacity": 120000.0,
    "train_supervised_nodes": 1331,
    "target_meta": {
      "covered_train_nodes": 1331,
      "pseudo_attack_nodes": 0,
      "pseudo_benign_nodes": 0,
      "effective_train_nodes": 1331
    }
  }
}