{
  "best_epoch": 2,
  "best_val_f1": 0.8859591298615689,
  "best_threshold_raw": 0.2499999850988388,
  "best_threshold": 0.2499999850988388,
  "eval_temperature": 1.0,
  "temperature_scaling": {
    "enabled": false,
    "temperature": 1.0,
    "val_nll_raw": 0.0,
    "val_nll_calibrated": 0.0,
    "val_ece_raw": 0.0,
    "val_ece_calibrated": 0.0,
    "val_brier_raw": 0.0,
    "val_brier_calibrated": 0.0,
    "val_threshold_raw": 0.2499999850988388,
    "val_threshold_calibrated": 0.2499999850988388,
    "val_f1_raw": 0.8859591298615689,
    "val_f1_calibrated": 0.8859591298615689
  },
  "final_eval_raw": {
    "train": {
      "accuracy": 0.8415591699383063,
      "precision": 0.8717062634989201,
      "recall": 0.8827646544181977,
      "f1": 0.8772006085633559,
      "fpr": 0.23203125,
      "ece": 0.14749523997306824,
      "brier": 0.1478380560874939,
      "tp": 2018,
      "fp": 297,
      "fn": 268,
      "tn": 983,
      "threshold": 0.2499999850988388,
      "temperature": 1.0
    },
    "val": {
      "accuracy": 0.8552301255230126,
      "precision": 0.8738621586475943,
      "recall": 0.8983957219251337,
      "f1": 0.8859591298615689,
      "fpr": 0.21700223713646533,
      "ece": 0.13104918599128723,
      "brier": 0.13024590909481049,
      "tp": 672,
      "fp": 97,
      "fn": 76,
      "tn": 350,
      "threshold": 0.2499999850988388,
      "temperature": 1.0
    },
    "test_random": {
      "accuracy": 0.8303130148270181,
      "precision": 0.9051490514905149,
      "recall": 0.8308457711442786,
      "f1": 0.8664072632944229,
      "fpr": 0.17073170731707318,
      "ece": 0.1960221379995346,
      "brier": 0.1686442345380783,
      "tp": 668,
      "fp": 70,
      "fn": 136,
      "tn": 340,
      "threshold": 0.2499999850988388,
      "temperature": 1.0
    },
    "test_temporal": {
      "accuracy": 0.8303130148270181,
      "precision": 0.9051490514905149,
      "recall": 0.8308457711442786,
      "f1": 0.8664072632944229,
      "fpr": 0.17073170731707318,
      "ece": 0.1960221379995346,
      "brier": 0.1686442345380783,
      "tp": 668,
      "fp": 70,
      "fn": 136,
      "tn": 340,
      "threshold": 0.2499999850988388,
      "temperature": 1.0
    }
  },
  "final_eval": {
    "train": {
      "accuracy": 0.8415591699383063,
      "precision": 0.8717062634989201,
      "recall": 0.8827646544181977,
      "f1": 0.8772006085633559,
      "fpr": 0.23203125,
      "ece": 0.14749523997306824,
      "brier": 0.1478380560874939,
      "tp": 2018,
      "fp": 297,
      "fn": 268,
      "tn": 983,
      "threshold": 0.2499999850988388,
      "temperature": 1.0
    },
    "val": {
      "accuracy": 0.8552301255230126,
      "precision": 0.8738621586475943,
      "recall": 0.8983957219251337,
      "f1": 0.8859591298615689,
      "fpr": 0.21700223713646533,
      "ece": 0.13104918599128723,
      "brier": 0.13024590909481049,
      "tp": 672,
      "fp": 97,
      "fn": 76,
      "tn": 350,
      "threshold": 0.2499999850988388,
      "temperature": 1.0
    },
    "test_random": {
      "accuracy": 0.8303130148270181,
      "precision": 0.9051490514905149,
      "recall": 0.8308457711442786,
      "f1": 0.8664072632944229,
      "fpr": 0.17073170731707318,
      "ece": 0.1960221379995346,
      "brier": 0.1686442345380783,
      "tp": 668,
      "fp": 70,
      "fn": 136,
      "tn": 340,
      "threshold": 0.2499999850988388,
      "temperature": 1.0
    },
    "test_temporal": {
      "accuracy": 0.8303130148270181,
      "precision": 0.9051490514905149,
      "recall": 0.8308457711442786,
      "f1": 0.8664072632944229,
      "fpr": 0.17073170731707318,
      "ece": 0.1960221379995346,
      "brier": 0.1686442345380783,
      "tp": 668,
      "fp": 70,
      "fn": 136,
      "tn": 340,
      "threshold": 0.2499999850988388,
      "temperature": 1.0
    }
  },
  "group_names": {
    "0": "low_rho_low_uncertainty",
    "1": "low_rho_high_uncertainty",
    "2": "high_rho_low_uncertainty",
    "3": "high_rho_high_uncertainty"
  },
  "group_thresholds": {
    "uncertainty_mid": 0.7968408465385437,
    "rho_mid": 25.788978576660156
  },
  "prior_stats": {
    "source_prior": [],
    "target_prior": []
  },
  "history": {
    "train_loss": [
      0.695326030254364,
      0.5819190144538879,
      0.5412643551826477,
      0.54041588306427,
      0.5329150557518005,
      0.5313188433647156,
      0.5286200642585754,
      0.5274457931518555,
      0.5268916487693787,
      0.5261037349700928
    ],
    "val_f1": [
      0.8778467908902693,
      0.8859591298615689,
      0.8611644273832374,
      0.8299139642620781,
      0.8084832904884319,
      0.8247809762202752
    ],
    "val_ece": [
      0.19711174070835114,
      0.13104918599128723,
      0.09238848835229874,
      0.08531901240348816,
      0.10005342960357666,
      0.15084443986415863
    ],
    "val_threshold": [
      0.44999998807907104,
      0.2499999850988388,
      0.19999998807907104,
      0.3999999761581421,
      0.3499999940395355,
      0.29999998211860657
    ],
    "base_loss": [
      0.695326030254364,
      0.5819190144538879,
      0.5412643551826477,
      0.54041588306427,
      0.5329150557518005,
      0.5313188433647156,
      0.5286200642585754,
      0.5274457931518555,
      0.5268916487693787,
      0.5261037349700928
    ],
    "dro_loss": [
      0.0,
      0.0,
      0.0,
      0.0,
      0.0,
      0.0,
      0.0,
      0.0,
      0.0,
      0.0
    ]
  },
  "runtime_sec": 0.8928227424621582,
  "config": {
    "graph_file": "/home/user/FedSTGCN/cdro_suite/main_baselineplus_s3_v1/protocol_graphs/weak_temporal_ood.pt",
    "method": "posterior_ce",
    "hidden_dim": 64,
    "heads": 4,
    "dropout": 0.3,
    "lr": 0.005,
    "weight_decay": 0.0005,
    "epochs": 10,
    "patience": 4,
    "lambda_dro": 0.5,
    "ug_temperature": 0.35,
    "ug_priority_loss_scale": 1.0,
    "ug_uncertainty_scale": 0.2,
    "ug_disagreement_scale": 0.1,
    "ug_sample_weight_scale": 0.0,
    "posthoc_temperature_scaling": false,
    "temp_scale_min": 0.5,
    "temp_scale_max": 5.0,
    "temp_scale_steps": 31,
    "seed": 11,
    "force_cpu": true,
    "physics_context": false,
    "capacity": 120000.0,
    "train_supervised_nodes": 1471,
    "target_meta": {
      "covered_train_nodes": 1471,
      "pseudo_attack_nodes": 0,
      "pseudo_benign_nodes": 0,
      "effective_train_nodes": 1471
    }
  }
}