{
  "best_epoch": 1,
  "best_val_f1": 0.8924358084663427,
  "best_threshold_raw": 0.5,
  "best_threshold": 0.5,
  "eval_temperature": 1.0,
  "temperature_scaling": {
    "enabled": false,
    "temperature": 1.0,
    "val_nll_raw": 0.0,
    "val_nll_calibrated": 0.0,
    "val_ece_raw": 0.0,
    "val_ece_calibrated": 0.0,
    "val_brier_raw": 0.0,
    "val_brier_calibrated": 0.0,
    "val_threshold_raw": 0.5,
    "val_threshold_calibrated": 0.5,
    "val_f1_raw": 0.8924358084663427,
    "val_f1_calibrated": 0.8924358084663427
  },
  "final_eval_raw": {
    "train": {
      "accuracy": 0.8342680874929893,
      "precision": 0.9124087591240876,
      "recall": 0.8202099737532809,
      "f1": 0.8638562543192811,
      "fpr": 0.140625,
      "ece": 0.1642695516347885,
      "brier": 0.16580235958099365,
      "tp": 1875,
      "fp": 180,
      "fn": 411,
      "tn": 1100,
      "threshold": 0.5,
      "temperature": 1.0
    },
    "val": {
      "accuracy": 0.8702928870292888,
      "precision": 0.9278499278499278,
      "recall": 0.8596256684491979,
      "f1": 0.8924358084663427,
      "fpr": 0.11185682326621924,
      "ece": 0.2036030888557434,
      "brier": 0.15660542249679565,
      "tp": 643,
      "fp": 50,
      "fn": 105,
      "tn": 397,
      "threshold": 0.5,
      "temperature": 1.0
    },
    "test_random": {
      "accuracy": 0.8163097199341022,
      "precision": 0.9368421052631579,
      "recall": 0.7748756218905473,
      "f1": 0.8481960517358748,
      "fpr": 0.1024390243902439,
      "ece": 0.187005415558815,
      "brier": 0.17690560221672058,
      "tp": 623,
      "fp": 42,
      "fn": 181,
      "tn": 368,
      "threshold": 0.5,
      "temperature": 1.0
    },
    "test_temporal": {
      "accuracy": 0.8163097199341022,
      "precision": 0.9368421052631579,
      "recall": 0.7748756218905473,
      "f1": 0.8481960517358748,
      "fpr": 0.1024390243902439,
      "ece": 0.187005415558815,
      "brier": 0.17690560221672058,
      "tp": 623,
      "fp": 42,
      "fn": 181,
      "tn": 368,
      "threshold": 0.5,
      "temperature": 1.0
    }
  },
  "final_eval": {
    "train": {
      "accuracy": 0.8342680874929893,
      "precision": 0.9124087591240876,
      "recall": 0.8202099737532809,
      "f1": 0.8638562543192811,
      "fpr": 0.140625,
      "ece": 0.1642695516347885,
      "brier": 0.16580235958099365,
      "tp": 1875,
      "fp": 180,
      "fn": 411,
      "tn": 1100,
      "threshold": 0.5,
      "temperature": 1.0
    },
    "val": {
      "accuracy": 0.8702928870292888,
      "precision": 0.9278499278499278,
      "recall": 0.8596256684491979,
      "f1": 0.8924358084663427,
      "fpr": 0.11185682326621924,
      "ece": 0.2036030888557434,
      "brier": 0.15660542249679565,
      "tp": 643,
      "fp": 50,
      "fn": 105,
      "tn": 397,
      "threshold": 0.5,
      "temperature": 1.0
    },
    "test_random": {
      "accuracy": 0.8163097199341022,
      "precision": 0.9368421052631579,
      "recall": 0.7748756218905473,
      "f1": 0.8481960517358748,
      "fpr": 0.1024390243902439,
      "ece": 0.187005415558815,
      "brier": 0.17690560221672058,
      "tp": 623,
      "fp": 42,
      "fn": 181,
      "tn": 368,
      "threshold": 0.5,
      "temperature": 1.0
    },
    "test_temporal": {
      "accuracy": 0.8163097199341022,
      "precision": 0.9368421052631579,
      "recall": 0.7748756218905473,
      "f1": 0.8481960517358748,
      "fpr": 0.1024390243902439,
      "ece": 0.187005415558815,
      "brier": 0.17690560221672058,
      "tp": 623,
      "fp": 42,
      "fn": 181,
      "tn": 368,
      "threshold": 0.5,
      "temperature": 1.0
    }
  },
  "group_names": {
    "0": "low_rho_low_uncertainty",
    "1": "low_rho_high_uncertainty",
    "2": "high_rho_low_uncertainty",
    "3": "high_rho_high_uncertainty"
  },
  "group_thresholds": {
    "uncertainty_mid": 0.7968408465385437,
    "rho_mid": 25.788978576660156
  },
  "prior_stats": {
    "source_prior": [
      0.49700644612312317,
      0.5029935240745544
    ],
    "target_prior": [
      0.5128867626190186,
      0.48711320757865906
    ]
  },
  "history": {
    "train_loss": [
      0.7060956954956055,
      0.524533212184906,
      0.3935902714729309,
      0.34578728675842285,
      0.3306352496147156
    ],
    "val_f1": [
      0.8924358084663427,
      0.8890401633764466,
      0.8781758957654722,
      0.8704277743335401,
      0.8606811145510838
    ],
    "val_ece": [
      0.2036030888557434,
      0.10426104068756104,
      0.0876992791891098,
      0.10119277983903885,
      0.1382487565279007
    ],
    "val_threshold": [
      0.5,
      0.3999999761581421,
      0.14999999105930328,
      0.05000000074505806,
      0.05000000074505806
    ],
    "base_loss": [
      0.7045701146125793,
      0.5206326842308044,
      0.3869236409664154,
      0.33449244499206543,
      0.31644779443740845
    ],
    "dro_loss": [
      0.7076212167739868,
      0.5284337401390076,
      0.4002569317817688,
      0.3570821285247803,
      0.3448227047920227
    ]
  },
  "runtime_sec": 0.5212357044219971,
  "config": {
    "graph_file": "/home/user/FedSTGCN/cdro_suite/main_baselineplus_s3_v1/protocol_graphs/weak_temporal_ood.pt",
    "method": "cdro_ug_priorcorr",
    "hidden_dim": 64,
    "heads": 4,
    "dropout": 0.3,
    "lr": 0.005,
    "weight_decay": 0.0005,
    "epochs": 10,
    "patience": 4,
    "lambda_dro": 0.5,
    "ug_temperature": 0.35,
    "ug_priority_loss_scale": 1.0,
    "ug_uncertainty_scale": 0.2,
    "ug_disagreement_scale": 0.1,
    "ug_sample_weight_scale": 0.0,
    "posthoc_temperature_scaling": false,
    "temp_scale_min": 0.5,
    "temp_scale_max": 5.0,
    "temp_scale_steps": 31,
    "seed": 11,
    "force_cpu": true,
    "physics_context": false,
    "capacity": 120000.0,
    "train_supervised_nodes": 1471,
    "target_meta": {
      "covered_train_nodes": 1471,
      "pseudo_attack_nodes": 0,
      "pseudo_benign_nodes": 0,
      "effective_train_nodes": 1471
    }
  }
}