{
  "best_epoch": 2,
  "best_val_f1": 0.919966301600674,
  "best_threshold_raw": 0.09999999403953552,
  "best_threshold": 0.09999999403953552,
  "eval_temperature": 1.0,
  "temperature_scaling": {
    "enabled": false,
    "temperature": 1.0,
    "val_nll_raw": 0.0,
    "val_nll_calibrated": 0.0,
    "val_ece_raw": 0.0,
    "val_ece_calibrated": 0.0,
    "val_brier_raw": 0.0,
    "val_brier_calibrated": 0.0,
    "val_threshold_raw": 0.09999999403953552,
    "val_threshold_calibrated": 0.09999999403953552,
    "val_f1_raw": 0.919966301600674,
    "val_f1_calibrated": 0.919966301600674
  },
  "final_eval_raw": {
    "train": {
      "accuracy": 0.9021003915984336,
      "precision": 0.9074844074844075,
      "recall": 0.9473684210526315,
      "f1": 0.9269976108308998,
      "fpr": 0.18426501035196688,
      "ece": 0.2148294597864151,
      "brier": 0.1486293226480484,
      "tp": 1746,
      "fp": 178,
      "fn": 97,
      "tn": 788,
      "threshold": 0.09999999403953552,
      "temperature": 1.0
    },
    "val": {
      "accuracy": 0.898936170212766,
      "precision": 0.896551724137931,
      "recall": 0.9446366782006921,
      "f1": 0.919966301600674,
      "fpr": 0.17403314917127072,
      "ece": 0.20343050360679626,
      "brier": 0.14865386486053467,
      "tp": 546,
      "fp": 63,
      "fn": 32,
      "tn": 299,
      "threshold": 0.09999999403953552,
      "temperature": 1.0
    },
    "test_random": {
      "accuracy": 0.8512658227848101,
      "precision": 0.8820598006644518,
      "recall": 0.8835274542429284,
      "f1": 0.8827930174563591,
      "fpr": 0.20461095100864554,
      "ece": 0.2333976924419403,
      "brier": 0.19121304154396057,
      "tp": 531,
      "fp": 71,
      "fn": 70,
      "tn": 276,
      "threshold": 0.09999999403953552,
      "temperature": 1.0
    },
    "test_temporal": {
      "accuracy": 0.8512658227848101,
      "precision": 0.8820598006644518,
      "recall": 0.8835274542429284,
      "f1": 0.8827930174563591,
      "fpr": 0.20461095100864554,
      "ece": 0.2333976924419403,
      "brier": 0.19121304154396057,
      "tp": 531,
      "fp": 71,
      "fn": 70,
      "tn": 276,
      "threshold": 0.09999999403953552,
      "temperature": 1.0
    }
  },
  "final_eval": {
    "train": {
      "accuracy": 0.9021003915984336,
      "precision": 0.9074844074844075,
      "recall": 0.9473684210526315,
      "f1": 0.9269976108308998,
      "fpr": 0.18426501035196688,
      "ece": 0.2148294597864151,
      "brier": 0.1486293226480484,
      "tp": 1746,
      "fp": 178,
      "fn": 97,
      "tn": 788,
      "threshold": 0.09999999403953552,
      "temperature": 1.0
    },
    "val": {
      "accuracy": 0.898936170212766,
      "precision": 0.896551724137931,
      "recall": 0.9446366782006921,
      "f1": 0.919966301600674,
      "fpr": 0.17403314917127072,
      "ece": 0.20343050360679626,
      "brier": 0.14865386486053467,
      "tp": 546,
      "fp": 63,
      "fn": 32,
      "tn": 299,
      "threshold": 0.09999999403953552,
      "temperature": 1.0
    },
    "test_random": {
      "accuracy": 0.8512658227848101,
      "precision": 0.8820598006644518,
      "recall": 0.8835274542429284,
      "f1": 0.8827930174563591,
      "fpr": 0.20461095100864554,
      "ece": 0.2333976924419403,
      "brier": 0.19121304154396057,
      "tp": 531,
      "fp": 71,
      "fn": 70,
      "tn": 276,
      "threshold": 0.09999999403953552,
      "temperature": 1.0
    },
    "test_temporal": {
      "accuracy": 0.8512658227848101,
      "precision": 0.8820598006644518,
      "recall": 0.8835274542429284,
      "f1": 0.8827930174563591,
      "fpr": 0.20461095100864554,
      "ece": 0.2333976924419403,
      "brier": 0.19121304154396057,
      "tp": 531,
      "fp": 71,
      "fn": 70,
      "tn": 276,
      "threshold": 0.09999999403953552,
      "temperature": 1.0
    }
  },
  "group_names": {
    "0": "low_rho_low_uncertainty",
    "1": "low_rho_high_uncertainty",
    "2": "high_rho_low_uncertainty",
    "3": "high_rho_high_uncertainty"
  },
  "group_thresholds": {
    "uncertainty_mid": 0.7086440324783325,
    "rho_mid": 29.54306411743164
  },
  "prior_stats": {
    "source_prior": [],
    "target_prior": []
  },
  "history": {
    "train_loss": [
      0.6868191957473755,
      0.5673380494117737,
      0.5339760184288025,
      0.5234688520431519,
      0.5225953459739685,
      0.5192897319793701,
      0.5142573118209839,
      0.5148562788963318,
      0.5106456279754639,
      0.5093439817428589
    ],
    "val_f1": [
      0.9017632241813602,
      0.919966301600674,
      0.9103214890016921,
      0.8993981083404987,
      0.9052092228864218,
      0.894869638351556
    ],
    "val_ece": [
      0.2798343896865845,
      0.20343050360679626,
      0.12839220464229584,
      0.11960645020008087,
      0.15461742877960205,
      0.17401477694511414
    ],
    "val_threshold": [
      0.2499999850988388,
      0.09999999403953552,
      0.14999999105930328,
      0.2499999850988388,
      0.2499999850988388,
      0.19999998807907104
    ],
    "base_loss": [
      0.6868191957473755,
      0.5673380494117737,
      0.5339760184288025,
      0.5234688520431519,
      0.5225953459739685,
      0.5192897319793701,
      0.5142573118209839,
      0.5148562788963318,
      0.5106456279754639,
      0.5093439817428589
    ],
    "dro_loss": [
      0.0,
      0.0,
      0.0,
      0.0,
      0.0,
      0.0,
      0.0,
      0.0,
      0.0,
      0.0
    ]
  },
  "runtime_sec": 0.6974227428436279,
  "config": {
    "graph_file": "/home/user/FedSTGCN/cdro_suite/batch2_baselineplus_s3_v1/protocol_graphs/weak_topology_ood.pt",
    "method": "posterior_ce",
    "hidden_dim": 64,
    "heads": 4,
    "dropout": 0.3,
    "lr": 0.005,
    "weight_decay": 0.0005,
    "epochs": 10,
    "patience": 4,
    "lambda_dro": 0.5,
    "ug_temperature": 0.35,
    "ug_priority_loss_scale": 1.0,
    "ug_uncertainty_scale": 0.2,
    "ug_disagreement_scale": 0.1,
    "ug_sample_weight_scale": 0.0,
    "posthoc_temperature_scaling": false,
    "temp_scale_min": 0.5,
    "temp_scale_max": 5.0,
    "temp_scale_steps": 31,
    "seed": 11,
    "force_cpu": true,
    "physics_context": false,
    "capacity": 120000.0,
    "train_supervised_nodes": 1254,
    "target_meta": {
      "covered_train_nodes": 1254,
      "pseudo_attack_nodes": 0,
      "pseudo_benign_nodes": 0,
      "effective_train_nodes": 1254
    }
  }
}