{
  "best_epoch": 2,
  "best_val_f1": 0.9120603015075377,
  "best_threshold_raw": 0.19999998807907104,
  "best_threshold": 0.19999998807907104,
  "eval_temperature": 1.0,
  "temperature_scaling": {
    "enabled": false,
    "temperature": 1.0,
    "val_nll_raw": 0.0,
    "val_nll_calibrated": 0.0,
    "val_ece_raw": 0.0,
    "val_ece_calibrated": 0.0,
    "val_brier_raw": 0.0,
    "val_brier_calibrated": 0.0,
    "val_threshold_raw": 0.19999998807907104,
    "val_threshold_calibrated": 0.19999998807907104,
    "val_f1_raw": 0.9120603015075377,
    "val_f1_calibrated": 0.9120603015075377
  },
  "final_eval_raw": {
    "train": {
      "accuracy": 0.8739263803680981,
      "precision": 0.9134826526130874,
      "recall": 0.9067131647776809,
      "f1": 0.9100853204987966,
      "fpr": 0.2039337474120083,
      "ece": 0.1061040386557579,
      "brier": 0.0939185842871666,
      "tp": 2080,
      "fp": 197,
      "fn": 214,
      "tn": 769,
      "threshold": 0.19999998807907104,
      "temperature": 1.0
    },
    "val": {
      "accuracy": 0.903448275862069,
      "precision": 0.8383371824480369,
      "recall": 1.0,
      "f1": 0.9120603015075377,
      "fpr": 0.19337016574585636,
      "ece": 0.26496049761772156,
      "brier": 0.1610729992389679,
      "tp": 363,
      "fp": 70,
      "fn": 0,
      "tn": 292,
      "threshold": 0.19999998807907104,
      "temperature": 1.0
    },
    "test_random": {
      "accuracy": 0.898876404494382,
      "precision": 0.8352402745995423,
      "recall": 1.0,
      "f1": 0.9102244389027431,
      "fpr": 0.207492795389049,
      "ece": 0.16247141361236572,
      "brier": 0.04732238128781319,
      "tp": 365,
      "fp": 72,
      "fn": 0,
      "tn": 275,
      "threshold": 0.19999998807907104,
      "temperature": 1.0
    },
    "test_temporal": {
      "accuracy": 0.898876404494382,
      "precision": 0.8352402745995423,
      "recall": 1.0,
      "f1": 0.9102244389027431,
      "fpr": 0.207492795389049,
      "ece": 0.16247141361236572,
      "brier": 0.04732238128781319,
      "tp": 365,
      "fp": 72,
      "fn": 0,
      "tn": 275,
      "threshold": 0.19999998807907104,
      "temperature": 1.0
    }
  },
  "final_eval": {
    "train": {
      "accuracy": 0.8739263803680981,
      "precision": 0.9134826526130874,
      "recall": 0.9067131647776809,
      "f1": 0.9100853204987966,
      "fpr": 0.2039337474120083,
      "ece": 0.1061040386557579,
      "brier": 0.0939185842871666,
      "tp": 2080,
      "fp": 197,
      "fn": 214,
      "tn": 769,
      "threshold": 0.19999998807907104,
      "temperature": 1.0
    },
    "val": {
      "accuracy": 0.903448275862069,
      "precision": 0.8383371824480369,
      "recall": 1.0,
      "f1": 0.9120603015075377,
      "fpr": 0.19337016574585636,
      "ece": 0.26496049761772156,
      "brier": 0.1610729992389679,
      "tp": 363,
      "fp": 70,
      "fn": 0,
      "tn": 292,
      "threshold": 0.19999998807907104,
      "temperature": 1.0
    },
    "test_random": {
      "accuracy": 0.898876404494382,
      "precision": 0.8352402745995423,
      "recall": 1.0,
      "f1": 0.9102244389027431,
      "fpr": 0.207492795389049,
      "ece": 0.16247141361236572,
      "brier": 0.04732238128781319,
      "tp": 365,
      "fp": 72,
      "fn": 0,
      "tn": 275,
      "threshold": 0.19999998807907104,
      "temperature": 1.0
    },
    "test_temporal": {
      "accuracy": 0.898876404494382,
      "precision": 0.8352402745995423,
      "recall": 1.0,
      "f1": 0.9102244389027431,
      "fpr": 0.207492795389049,
      "ece": 0.16247141361236572,
      "brier": 0.04732238128781319,
      "tp": 365,
      "fp": 72,
      "fn": 0,
      "tn": 275,
      "threshold": 0.19999998807907104,
      "temperature": 1.0
    }
  },
  "group_names": {
    "0": "low_rho_low_uncertainty",
    "1": "low_rho_high_uncertainty",
    "2": "high_rho_low_uncertainty",
    "3": "high_rho_high_uncertainty"
  },
  "group_thresholds": {
    "uncertainty_mid": 0.7323845028877258,
    "rho_mid": 29.848581314086914
  },
  "prior_stats": {
    "source_prior": [
      0.5150848031044006,
      0.4849151074886322
    ],
    "target_prior": [
      0.47858238220214844,
      0.5214175581932068
    ]
  },
  "history": {
    "train_loss": [
      0.7210093140602112,
      0.5220259428024292,
      0.38750070333480835,
      0.3354021906852722,
      0.3305129408836365,
      0.33705806732177734,
      0.3380276560783386,
      0.3286170959472656,
      0.325364351272583,
      0.3279297947883606
    ],
    "val_f1": [
      0.9020618556701031,
      0.9120603015075377,
      0.8591715976331361,
      0.8041853512705531,
      0.7711213517665132,
      0.7258566978193146
    ],
    "val_ece": [
      0.29267579317092896,
      0.26496049761772156,
      0.2362021803855896,
      0.19445767998695374,
      0.2023848593235016,
      0.2322912961244583
    ],
    "val_threshold": [
      0.3999999761581421,
      0.19999998807907104,
      0.09999999403953552,
      0.09999999403953552,
      0.09999999403953552,
      0.09999999403953552
    ],
    "base_loss": [
      0.7173526287078857,
      0.5192662477493286,
      0.3826282024383545,
      0.3282645642757416,
      0.3187113106250763,
      0.32330992817878723,
      0.3249763548374176,
      0.31735366582870483,
      0.31523677706718445,
      0.31692662835121155
    ],
    "dro_loss": [
      0.7246659994125366,
      0.5247856378555298,
      0.3923732042312622,
      0.34253984689712524,
      0.34231454133987427,
      0.35080620646476746,
      0.35107898712158203,
      0.3398805260658264,
      0.33549195528030396,
      0.33893299102783203
    ]
  },
  "runtime_sec": 0.9255177974700928,
  "config": {
    "graph_file": "/home/user/FedSTGCN/cdro_suite/batch2_baselineplus_s3_v1/protocol_graphs/weak_attack_strategy_ood.pt",
    "method": "cdro_ug_priorcorr",
    "hidden_dim": 64,
    "heads": 4,
    "dropout": 0.3,
    "lr": 0.005,
    "weight_decay": 0.0005,
    "epochs": 10,
    "patience": 4,
    "lambda_dro": 0.5,
    "ug_temperature": 0.35,
    "ug_priority_loss_scale": 1.0,
    "ug_uncertainty_scale": 0.2,
    "ug_disagreement_scale": 0.1,
    "ug_sample_weight_scale": 0.0,
    "posthoc_temperature_scaling": false,
    "temp_scale_min": 0.5,
    "temp_scale_max": 5.0,
    "temp_scale_steps": 31,
    "seed": 33,
    "force_cpu": true,
    "physics_context": false,
    "capacity": 120000.0,
    "train_supervised_nodes": 1331,
    "target_meta": {
      "covered_train_nodes": 1331,
      "pseudo_attack_nodes": 0,
      "pseudo_benign_nodes": 0,
      "effective_train_nodes": 1331
    }
  }
}