{
  "best_epoch": 2,
  "best_val_f1": 0.914826498422713,
  "best_threshold_raw": 0.09999999403953552,
  "best_threshold": 0.09999999403953552,
  "eval_temperature": 1.0,
  "temperature_scaling": {
    "enabled": false,
    "temperature": 1.0,
    "val_nll_raw": 0.0,
    "val_nll_calibrated": 0.0,
    "val_ece_raw": 0.0,
    "val_ece_calibrated": 0.0,
    "val_brier_raw": 0.0,
    "val_brier_calibrated": 0.0,
    "val_threshold_raw": 0.09999999403953552,
    "val_threshold_calibrated": 0.09999999403953552,
    "val_f1_raw": 0.914826498422713,
    "val_f1_calibrated": 0.914826498422713
  },
  "final_eval_raw": {
    "train": {
      "accuracy": 0.9217235188509875,
      "precision": 0.9368954398894519,
      "recall": 0.9617021276595744,
      "f1": 0.9491367242183854,
      "fpr": 0.2044776119402985,
      "ece": 0.27383872866630554,
      "brier": 0.1887420415878296,
      "tp": 2034,
      "fp": 137,
      "fn": 81,
      "tn": 533,
      "threshold": 0.09999999403953552,
      "temperature": 1.0
    },
    "val": {
      "accuracy": 0.9023508137432188,
      "precision": 0.8734939759036144,
      "recall": 0.9602649006622517,
      "f1": 0.914826498422713,
      "fpr": 0.16733067729083664,
      "ece": 0.1604548543691635,
      "brier": 0.12221135199069977,
      "tp": 290,
      "fp": 42,
      "fn": 12,
      "tn": 209,
      "threshold": 0.09999999403953552,
      "temperature": 1.0
    },
    "test_random": {
      "accuracy": 0.8395879323031641,
      "precision": 0.7477592829705506,
      "recall": 0.9652892561983472,
      "f1": 0.8427128427128427,
      "fpr": 0.2612732095490716,
      "ece": 0.1157412976026535,
      "brier": 0.11015988141298294,
      "tp": 584,
      "fp": 197,
      "fn": 21,
      "tn": 557,
      "threshold": 0.09999999403953552,
      "temperature": 1.0
    },
    "test_temporal": {
      "accuracy": 0.8395879323031641,
      "precision": 0.7477592829705506,
      "recall": 0.9652892561983472,
      "f1": 0.8427128427128427,
      "fpr": 0.2612732095490716,
      "ece": 0.1157412976026535,
      "brier": 0.11015988141298294,
      "tp": 584,
      "fp": 197,
      "fn": 21,
      "tn": 557,
      "threshold": 0.09999999403953552,
      "temperature": 1.0
    }
  },
  "final_eval": {
    "train": {
      "accuracy": 0.9217235188509875,
      "precision": 0.9368954398894519,
      "recall": 0.9617021276595744,
      "f1": 0.9491367242183854,
      "fpr": 0.2044776119402985,
      "ece": 0.27383872866630554,
      "brier": 0.1887420415878296,
      "tp": 2034,
      "fp": 137,
      "fn": 81,
      "tn": 533,
      "threshold": 0.09999999403953552,
      "temperature": 1.0
    },
    "val": {
      "accuracy": 0.9023508137432188,
      "precision": 0.8734939759036144,
      "recall": 0.9602649006622517,
      "f1": 0.914826498422713,
      "fpr": 0.16733067729083664,
      "ece": 0.1604548543691635,
      "brier": 0.12221135199069977,
      "tp": 290,
      "fp": 42,
      "fn": 12,
      "tn": 209,
      "threshold": 0.09999999403953552,
      "temperature": 1.0
    },
    "test_random": {
      "accuracy": 0.8395879323031641,
      "precision": 0.7477592829705506,
      "recall": 0.9652892561983472,
      "f1": 0.8427128427128427,
      "fpr": 0.2612732095490716,
      "ece": 0.1157412976026535,
      "brier": 0.11015988141298294,
      "tp": 584,
      "fp": 197,
      "fn": 21,
      "tn": 557,
      "threshold": 0.09999999403953552,
      "temperature": 1.0
    },
    "test_temporal": {
      "accuracy": 0.8395879323031641,
      "precision": 0.7477592829705506,
      "recall": 0.9652892561983472,
      "f1": 0.8427128427128427,
      "fpr": 0.2612732095490716,
      "ece": 0.1157412976026535,
      "brier": 0.11015988141298294,
      "tp": 584,
      "fp": 197,
      "fn": 21,
      "tn": 557,
      "threshold": 0.09999999403953552,
      "temperature": 1.0
    }
  },
  "group_names": {
    "0": "low_rho_low_uncertainty",
    "1": "low_rho_high_uncertainty",
    "2": "high_rho_low_uncertainty",
    "3": "high_rho_high_uncertainty"
  },
  "group_thresholds": {
    "uncertainty_mid": 0.7346910238265991,
    "rho_mid": 27.279558181762695
  },
  "prior_stats": {
    "source_prior": [],
    "target_prior": []
  },
  "history": {
    "train_loss": [
      0.6963392496109009,
      0.5185046792030334,
      0.39622944593429565,
      0.35340142250061035,
      0.33789628744125366,
      0.3272556662559509,
      0.3215993344783783,
      0.3244372010231018,
      0.31631600856781006,
      0.3163997530937195
    ],
    "val_f1": [
      0.888888888888889,
      0.914826498422713,
      0.9146537842190016,
      0.8980263157894737,
      0.8794567062818337,
      0.8441330998248686
    ],
    "val_ece": [
      0.20841823518276215,
      0.1604548543691635,
      0.1360076665878296,
      0.11982133984565735,
      0.10840661823749542,
      0.10413642972707748
    ],
    "val_threshold": [
      0.3999999761581421,
      0.09999999403953552,
      0.05000000074505806,
      0.05000000074505806,
      0.09999999403953552,
      0.14999999105930328
    ],
    "base_loss": [
      0.6923968195915222,
      0.5162030458450317,
      0.39210045337677,
      0.34793683886528015,
      0.3307989835739136,
      0.32033491134643555,
      0.31476759910583496,
      0.3172357380390167,
      0.31008368730545044,
      0.3096115291118622
    ],
    "dro_loss": [
      0.7002816200256348,
      0.5208063125610352,
      0.4003584384918213,
      0.35886597633361816,
      0.34499359130859375,
      0.3341764509677887,
      0.32843106985092163,
      0.3316386938095093,
      0.32254835963249207,
      0.3231879770755768
    ]
  },
  "runtime_sec": 0.6836330890655518,
  "config": {
    "graph_file": "/home/user/FedSTGCN/cdro_suite/batch2_baselineplus_s3_v1/protocol_graphs/label_prior_shift_ood.pt",
    "method": "cdro_ug",
    "hidden_dim": 64,
    "heads": 4,
    "dropout": 0.3,
    "lr": 0.005,
    "weight_decay": 0.0005,
    "epochs": 10,
    "patience": 4,
    "lambda_dro": 0.5,
    "ug_temperature": 0.35,
    "ug_priority_loss_scale": 1.0,
    "ug_uncertainty_scale": 0.2,
    "ug_disagreement_scale": 0.1,
    "ug_sample_weight_scale": 0.0,
    "posthoc_temperature_scaling": false,
    "temp_scale_min": 0.5,
    "temp_scale_max": 5.0,
    "temp_scale_steps": 31,
    "seed": 11,
    "force_cpu": true,
    "physics_context": false,
    "capacity": 120000.0,
    "train_supervised_nodes": 1070,
    "target_meta": {
      "covered_train_nodes": 1070,
      "pseudo_attack_nodes": 0,
      "pseudo_benign_nodes": 0,
      "effective_train_nodes": 1070
    }
  }
}