{
  "best_epoch": 2,
  "best_val_f1": 0.8893280632411067,
  "best_threshold_raw": 0.2499999850988388,
  "best_threshold": 0.2499999850988388,
  "eval_temperature": 1.0,
  "temperature_scaling": {
    "enabled": false,
    "temperature": 1.0,
    "val_nll_raw": 0.0,
    "val_nll_calibrated": 0.0,
    "val_ece_raw": 0.0,
    "val_ece_calibrated": 0.0,
    "val_brier_raw": 0.0,
    "val_brier_calibrated": 0.0,
    "val_threshold_raw": 0.2499999850988388,
    "val_threshold_calibrated": 0.2499999850988388,
    "val_f1_raw": 0.8893280632411067,
    "val_f1_calibrated": 0.8893280632411067
  },
  "final_eval_raw": {
    "train": {
      "accuracy": 0.8513740886146943,
      "precision": 0.8752136752136752,
      "recall": 0.8958880139982502,
      "f1": 0.885430177258971,
      "fpr": 0.228125,
      "ece": 0.16242098808288574,
      "brier": 0.16761264204978943,
      "tp": 2048,
      "fp": 292,
      "fn": 238,
      "tn": 988,
      "threshold": 0.2499999850988388,
      "temperature": 1.0
    },
    "val": {
      "accuracy": 0.8594142259414226,
      "precision": 0.8766233766233766,
      "recall": 0.9024064171122995,
      "f1": 0.8893280632411067,
      "fpr": 0.21252796420581654,
      "ece": 0.1636861115694046,
      "brier": 0.1566200852394104,
      "tp": 675,
      "fp": 95,
      "fn": 73,
      "tn": 352,
      "threshold": 0.2499999850988388,
      "temperature": 1.0
    },
    "test_random": {
      "accuracy": 0.8459637561779242,
      "precision": 0.9118825100133512,
      "recall": 0.849502487562189,
      "f1": 0.8795878943979395,
      "fpr": 0.16097560975609757,
      "ece": 0.1975136250257492,
      "brier": 0.1883285641670227,
      "tp": 683,
      "fp": 66,
      "fn": 121,
      "tn": 344,
      "threshold": 0.2499999850988388,
      "temperature": 1.0
    },
    "test_temporal": {
      "accuracy": 0.8459637561779242,
      "precision": 0.9118825100133512,
      "recall": 0.849502487562189,
      "f1": 0.8795878943979395,
      "fpr": 0.16097560975609757,
      "ece": 0.1975136250257492,
      "brier": 0.1883285641670227,
      "tp": 683,
      "fp": 66,
      "fn": 121,
      "tn": 344,
      "threshold": 0.2499999850988388,
      "temperature": 1.0
    }
  },
  "final_eval": {
    "train": {
      "accuracy": 0.8513740886146943,
      "precision": 0.8752136752136752,
      "recall": 0.8958880139982502,
      "f1": 0.885430177258971,
      "fpr": 0.228125,
      "ece": 0.16242098808288574,
      "brier": 0.16761264204978943,
      "tp": 2048,
      "fp": 292,
      "fn": 238,
      "tn": 988,
      "threshold": 0.2499999850988388,
      "temperature": 1.0
    },
    "val": {
      "accuracy": 0.8594142259414226,
      "precision": 0.8766233766233766,
      "recall": 0.9024064171122995,
      "f1": 0.8893280632411067,
      "fpr": 0.21252796420581654,
      "ece": 0.1636861115694046,
      "brier": 0.1566200852394104,
      "tp": 675,
      "fp": 95,
      "fn": 73,
      "tn": 352,
      "threshold": 0.2499999850988388,
      "temperature": 1.0
    },
    "test_random": {
      "accuracy": 0.8459637561779242,
      "precision": 0.9118825100133512,
      "recall": 0.849502487562189,
      "f1": 0.8795878943979395,
      "fpr": 0.16097560975609757,
      "ece": 0.1975136250257492,
      "brier": 0.1883285641670227,
      "tp": 683,
      "fp": 66,
      "fn": 121,
      "tn": 344,
      "threshold": 0.2499999850988388,
      "temperature": 1.0
    },
    "test_temporal": {
      "accuracy": 0.8459637561779242,
      "precision": 0.9118825100133512,
      "recall": 0.849502487562189,
      "f1": 0.8795878943979395,
      "fpr": 0.16097560975609757,
      "ece": 0.1975136250257492,
      "brier": 0.1883285641670227,
      "tp": 683,
      "fp": 66,
      "fn": 121,
      "tn": 344,
      "threshold": 0.2499999850988388,
      "temperature": 1.0
    }
  },
  "group_names": {
    "0": "low_rho_low_uncertainty",
    "1": "low_rho_high_uncertainty",
    "2": "high_rho_low_uncertainty",
    "3": "high_rho_high_uncertainty"
  },
  "group_thresholds": {
    "uncertainty_mid": 0.7968408465385437,
    "rho_mid": 25.788978576660156
  },
  "prior_stats": {
    "source_prior": [],
    "target_prior": []
  },
  "history": {
    "train_loss": [
      0.7484332323074341,
      0.6276144981384277,
      0.5876837968826294,
      0.5839649438858032,
      0.5783413648605347,
      0.5764399766921997,
      0.5737924575805664,
      0.5733059644699097,
      0.5712174773216248,
      0.5707677602767944
    ],
    "val_f1": [
      0.8722109533468559,
      0.8893280632411067,
      0.8721007289595759,
      0.8703326544467075,
      0.8689748811948406,
      0.8573342263898192
    ],
    "val_ece": [
      0.2153724581003189,
      0.1636861115694046,
      0.12994371354579926,
      0.13679805397987366,
      0.14499376714229584,
      0.16945581138134003
    ],
    "val_threshold": [
      0.44999998807907104,
      0.2499999850988388,
      0.19999998807907104,
      0.2499999850988388,
      0.29999998211860657,
      0.3999999761581421
    ],
    "base_loss": [
      0.7230311036109924,
      0.6050264239311218,
      0.5487839579582214,
      0.5372498035430908,
      0.532284140586853,
      0.5330831408500671,
      0.5326564311981201,
      0.5335679054260254,
      0.5313830375671387,
      0.5307990908622742
    ],
    "dro_loss": [
      0.7738354206085205,
      0.6502026319503784,
      0.6265836954116821,
      0.6306801438331604,
      0.6243985295295715,
      0.6197967529296875,
      0.6149284243583679,
      0.6130439639091492,
      0.6110519170761108,
      0.6107364892959595
    ]
  },
  "runtime_sec": 0.8546617031097412,
  "config": {
    "graph_file": "/home/user/FedSTGCN/cdro_suite/main_baselineplus_s3_v1/protocol_graphs/weak_temporal_ood.pt",
    "method": "cdro_fixed",
    "hidden_dim": 64,
    "heads": 4,
    "dropout": 0.3,
    "lr": 0.005,
    "weight_decay": 0.0005,
    "epochs": 10,
    "patience": 4,
    "lambda_dro": 0.5,
    "ug_temperature": 0.35,
    "ug_priority_loss_scale": 1.0,
    "ug_uncertainty_scale": 0.2,
    "ug_disagreement_scale": 0.1,
    "ug_sample_weight_scale": 0.0,
    "posthoc_temperature_scaling": false,
    "temp_scale_min": 0.5,
    "temp_scale_max": 5.0,
    "temp_scale_steps": 31,
    "seed": 22,
    "force_cpu": true,
    "physics_context": false,
    "capacity": 120000.0,
    "train_supervised_nodes": 1471,
    "target_meta": {
      "covered_train_nodes": 1471,
      "pseudo_attack_nodes": 0,
      "pseudo_benign_nodes": 0,
      "effective_train_nodes": 1471
    }
  }
}