{
  "best_epoch": 2,
  "best_val_f1": 0.9101595298068849,
  "best_threshold_raw": 0.19999998807907104,
  "best_threshold": 0.19999998807907104,
  "eval_temperature": 1.0,
  "temperature_scaling": {
    "enabled": false,
    "temperature": 1.0,
    "val_nll_raw": 0.0,
    "val_nll_calibrated": 0.0,
    "val_ece_raw": 0.0,
    "val_ece_calibrated": 0.0,
    "val_brier_raw": 0.0,
    "val_brier_calibrated": 0.0,
    "val_threshold_raw": 0.19999998807907104,
    "val_threshold_calibrated": 0.19999998807907104,
    "val_f1_raw": 0.9101595298068849,
    "val_f1_calibrated": 0.9101595298068849
  },
  "final_eval_raw": {
    "train": {
      "accuracy": 0.899252402990388,
      "precision": 0.8979591836734694,
      "recall": 0.9549647314161693,
      "f1": 0.925585064422824,
      "fpr": 0.2070393374741201,
      "ece": 0.16907630860805511,
      "brier": 0.11502421647310257,
      "tp": 1760,
      "fp": 200,
      "fn": 83,
      "tn": 766,
      "threshold": 0.19999998807907104,
      "temperature": 1.0
    },
    "val": {
      "accuracy": 0.8861702127659574,
      "precision": 0.8841761827079935,
      "recall": 0.9377162629757786,
      "f1": 0.9101595298068849,
      "fpr": 0.19613259668508287,
      "ece": 0.15529866516590118,
      "brier": 0.11919698864221573,
      "tp": 542,
      "fp": 71,
      "fn": 36,
      "tn": 291,
      "threshold": 0.19999998807907104,
      "temperature": 1.0
    },
    "test_random": {
      "accuracy": 0.8364978902953587,
      "precision": 0.8754208754208754,
      "recall": 0.8652246256239601,
      "f1": 0.8702928870292886,
      "fpr": 0.2132564841498559,
      "ece": 0.14807727932929993,
      "brier": 0.15507438778877258,
      "tp": 520,
      "fp": 74,
      "fn": 81,
      "tn": 273,
      "threshold": 0.19999998807907104,
      "temperature": 1.0
    },
    "test_temporal": {
      "accuracy": 0.8364978902953587,
      "precision": 0.8754208754208754,
      "recall": 0.8652246256239601,
      "f1": 0.8702928870292886,
      "fpr": 0.2132564841498559,
      "ece": 0.14807727932929993,
      "brier": 0.15507438778877258,
      "tp": 520,
      "fp": 74,
      "fn": 81,
      "tn": 273,
      "threshold": 0.19999998807907104,
      "temperature": 1.0
    }
  },
  "final_eval": {
    "train": {
      "accuracy": 0.899252402990388,
      "precision": 0.8979591836734694,
      "recall": 0.9549647314161693,
      "f1": 0.925585064422824,
      "fpr": 0.2070393374741201,
      "ece": 0.16907630860805511,
      "brier": 0.11502421647310257,
      "tp": 1760,
      "fp": 200,
      "fn": 83,
      "tn": 766,
      "threshold": 0.19999998807907104,
      "temperature": 1.0
    },
    "val": {
      "accuracy": 0.8861702127659574,
      "precision": 0.8841761827079935,
      "recall": 0.9377162629757786,
      "f1": 0.9101595298068849,
      "fpr": 0.19613259668508287,
      "ece": 0.15529866516590118,
      "brier": 0.11919698864221573,
      "tp": 542,
      "fp": 71,
      "fn": 36,
      "tn": 291,
      "threshold": 0.19999998807907104,
      "temperature": 1.0
    },
    "test_random": {
      "accuracy": 0.8364978902953587,
      "precision": 0.8754208754208754,
      "recall": 0.8652246256239601,
      "f1": 0.8702928870292886,
      "fpr": 0.2132564841498559,
      "ece": 0.14807727932929993,
      "brier": 0.15507438778877258,
      "tp": 520,
      "fp": 74,
      "fn": 81,
      "tn": 273,
      "threshold": 0.19999998807907104,
      "temperature": 1.0
    },
    "test_temporal": {
      "accuracy": 0.8364978902953587,
      "precision": 0.8754208754208754,
      "recall": 0.8652246256239601,
      "f1": 0.8702928870292886,
      "fpr": 0.2132564841498559,
      "ece": 0.14807727932929993,
      "brier": 0.15507438778877258,
      "tp": 520,
      "fp": 74,
      "fn": 81,
      "tn": 273,
      "threshold": 0.19999998807907104,
      "temperature": 1.0
    }
  },
  "group_names": {
    "0": "low_rho_low_uncertainty",
    "1": "low_rho_high_uncertainty",
    "2": "high_rho_low_uncertainty",
    "3": "high_rho_high_uncertainty"
  },
  "group_thresholds": {
    "uncertainty_mid": 0.7086440324783325,
    "rho_mid": 29.54306411743164
  },
  "prior_stats": {
    "source_prior": [
      0.5863457918167114,
      0.4136541783809662
    ],
    "target_prior": [
      0.5123652815818787,
      0.48763468861579895
    ]
  },
  "history": {
    "train_loss": [
      0.741251528263092,
      0.5484944581985474,
      0.42081141471862793,
      0.36867231130599976,
      0.36356285214424133,
      0.3621706962585449,
      0.3605061173439026,
      0.3543984889984131,
      0.3489758372306824,
      0.3515465259552002
    ],
    "val_f1": [
      0.8942547876769359,
      0.9101595298068849,
      0.9086419753086421,
      0.8815672306322352,
      0.8753363228699551,
      0.8519195612431446
    ],
    "val_ece": [
      0.220260888338089,
      0.15529866516590118,
      0.11610143631696701,
      0.10977968573570251,
      0.09409256279468536,
      0.11334437876939774
    ],
    "val_threshold": [
      0.3499999940395355,
      0.19999998807907104,
      0.09999999403953552,
      0.09999999403953552,
      0.09999999403953552,
      0.14999999105930328
    ],
    "base_loss": [
      0.7363784313201904,
      0.5465281009674072,
      0.41597601771354675,
      0.3606913983821869,
      0.3509678244590759,
      0.3488219678401947,
      0.3463757634162903,
      0.34184908866882324,
      0.3372213840484619,
      0.339824378490448
    ],
    "dro_loss": [
      0.7461246252059937,
      0.5504607558250427,
      0.4256467819213867,
      0.3766532242298126,
      0.37615787982940674,
      0.37551939487457275,
      0.3746365010738373,
      0.36694788932800293,
      0.36073026061058044,
      0.36326864361763
    ]
  },
  "runtime_sec": 0.8581476211547852,
  "config": {
    "graph_file": "/home/user/FedSTGCN/cdro_suite/batch2_baselineplus_s3_v1/protocol_graphs/weak_topology_ood.pt",
    "method": "cdro_ug_priorcorr",
    "hidden_dim": 64,
    "heads": 4,
    "dropout": 0.3,
    "lr": 0.005,
    "weight_decay": 0.0005,
    "epochs": 10,
    "patience": 4,
    "lambda_dro": 0.5,
    "ug_temperature": 0.35,
    "ug_priority_loss_scale": 1.0,
    "ug_uncertainty_scale": 0.2,
    "ug_disagreement_scale": 0.1,
    "ug_sample_weight_scale": 0.0,
    "posthoc_temperature_scaling": false,
    "temp_scale_min": 0.5,
    "temp_scale_max": 5.0,
    "temp_scale_steps": 31,
    "seed": 33,
    "force_cpu": true,
    "physics_context": false,
    "capacity": 120000.0,
    "train_supervised_nodes": 1254,
    "target_meta": {
      "covered_train_nodes": 1254,
      "pseudo_attack_nodes": 0,
      "pseudo_benign_nodes": 0,
      "effective_train_nodes": 1254
    }
  }
}