{
  "best_epoch": 1,
  "best_val_f1": 0.9303849303849304,
  "best_threshold_raw": 0.3999999761581421,
  "best_threshold": 0.3999999761581421,
  "eval_temperature": 1.0,
  "temperature_scaling": {
    "enabled": false,
    "temperature": 1.0,
    "val_nll_raw": 0.0,
    "val_nll_calibrated": 0.0,
    "val_ece_raw": 0.0,
    "val_ece_calibrated": 0.0,
    "val_brier_raw": 0.0,
    "val_brier_calibrated": 0.0,
    "val_threshold_raw": 0.3999999761581421,
    "val_threshold_calibrated": 0.3999999761581421,
    "val_f1_raw": 0.9303849303849304,
    "val_f1_calibrated": 0.9303849303849304
  },
  "final_eval_raw": {
    "train": {
      "accuracy": 0.9002838892831796,
      "precision": 0.9438332368268674,
      "recall": 0.898566703417861,
      "f1": 0.9206438859079356,
      "fpr": 0.09661354581673307,
      "ece": 0.2601434886455536,
      "brier": 0.15456822514533997,
      "tp": 1630,
      "fp": 97,
      "fn": 184,
      "tn": 907,
      "threshold": 0.3999999761581421,
      "temperature": 1.0
    },
    "val": {
      "accuracy": 0.909957627118644,
      "precision": 0.9450915141430949,
      "recall": 0.9161290322580645,
      "f1": 0.9303849303849304,
      "fpr": 0.10185185185185185,
      "ece": 0.2690347135066986,
      "brier": 0.15143723785877228,
      "tp": 568,
      "fp": 33,
      "fn": 52,
      "tn": 291,
      "threshold": 0.3999999761581421,
      "temperature": 1.0
    },
    "test_random": {
      "accuracy": 0.8759358288770054,
      "precision": 0.8806451612903226,
      "recall": 0.9285714285714286,
      "f1": 0.9039735099337748,
      "fpr": 0.2132564841498559,
      "ece": 0.21914400160312653,
      "brier": 0.13795918226242065,
      "tp": 546,
      "fp": 74,
      "fn": 42,
      "tn": 273,
      "threshold": 0.3999999761581421,
      "temperature": 1.0
    },
    "test_temporal": {
      "accuracy": 0.8759358288770054,
      "precision": 0.8806451612903226,
      "recall": 0.9285714285714286,
      "f1": 0.9039735099337748,
      "fpr": 0.2132564841498559,
      "ece": 0.21914400160312653,
      "brier": 0.13795918226242065,
      "tp": 546,
      "fp": 74,
      "fn": 42,
      "tn": 273,
      "threshold": 0.3999999761581421,
      "temperature": 1.0
    }
  },
  "final_eval": {
    "train": {
      "accuracy": 0.9002838892831796,
      "precision": 0.9438332368268674,
      "recall": 0.898566703417861,
      "f1": 0.9206438859079356,
      "fpr": 0.09661354581673307,
      "ece": 0.2601434886455536,
      "brier": 0.15456822514533997,
      "tp": 1630,
      "fp": 97,
      "fn": 184,
      "tn": 907,
      "threshold": 0.3999999761581421,
      "temperature": 1.0
    },
    "val": {
      "accuracy": 0.909957627118644,
      "precision": 0.9450915141430949,
      "recall": 0.9161290322580645,
      "f1": 0.9303849303849304,
      "fpr": 0.10185185185185185,
      "ece": 0.2690347135066986,
      "brier": 0.15143723785877228,
      "tp": 568,
      "fp": 33,
      "fn": 52,
      "tn": 291,
      "threshold": 0.3999999761581421,
      "temperature": 1.0
    },
    "test_random": {
      "accuracy": 0.8759358288770054,
      "precision": 0.8806451612903226,
      "recall": 0.9285714285714286,
      "f1": 0.9039735099337748,
      "fpr": 0.2132564841498559,
      "ece": 0.21914400160312653,
      "brier": 0.13795918226242065,
      "tp": 546,
      "fp": 74,
      "fn": 42,
      "tn": 273,
      "threshold": 0.3999999761581421,
      "temperature": 1.0
    },
    "test_temporal": {
      "accuracy": 0.8759358288770054,
      "precision": 0.8806451612903226,
      "recall": 0.9285714285714286,
      "f1": 0.9039735099337748,
      "fpr": 0.2132564841498559,
      "ece": 0.21914400160312653,
      "brier": 0.13795918226242065,
      "tp": 546,
      "fp": 74,
      "fn": 42,
      "tn": 273,
      "threshold": 0.3999999761581421,
      "temperature": 1.0
    }
  },
  "group_names": {
    "0": "low_rho_low_uncertainty",
    "1": "low_rho_high_uncertainty",
    "2": "high_rho_low_uncertainty",
    "3": "high_rho_high_uncertainty"
  },
  "group_thresholds": {
    "uncertainty_mid": 0.701879620552063,
    "rho_mid": 27.268836975097656
  },
  "prior_stats": {
    "source_prior": [],
    "target_prior": []
  },
  "history": {
    "train_loss": [
      0.7694073915481567,
      0.5513355731964111,
      0.42240506410598755,
      0.36108583211898804,
      0.3412022590637207
    ],
    "val_f1": [
      0.9303849303849304,
      0.9245742092457422,
      0.9192245557350567,
      0.9121951219512194,
      0.8642186165670369
    ],
    "val_ece": [
      0.2690347135066986,
      0.12799718976020813,
      0.12934672832489014,
      0.14354047179222107,
      0.15823416411876678
    ],
    "val_threshold": [
      0.3999999761581421,
      0.2499999850988388,
      0.14999999105930328,
      0.09999999403953552,
      0.09999999403953552
    ],
    "base_loss": [
      0.7572252154350281,
      0.5495012402534485,
      0.4199327230453491,
      0.35750719904899597,
      0.33674582839012146
    ],
    "dro_loss": [
      0.7815895080566406,
      0.5531699657440186,
      0.4248773753643036,
      0.3646644353866577,
      0.34565865993499756
    ]
  },
  "runtime_sec": 0.41448974609375,
  "config": {
    "graph_file": "/home/user/FedSTGCN/cdro_suite/batch2_baselineplus_s3_v1/protocol_graphs/weak_temporal_ood.pt",
    "method": "cdro_ug",
    "hidden_dim": 64,
    "heads": 4,
    "dropout": 0.3,
    "lr": 0.005,
    "weight_decay": 0.0005,
    "epochs": 10,
    "patience": 4,
    "lambda_dro": 0.5,
    "ug_temperature": 0.35,
    "ug_priority_loss_scale": 1.0,
    "ug_uncertainty_scale": 0.2,
    "ug_disagreement_scale": 0.1,
    "ug_sample_weight_scale": 0.0,
    "posthoc_temperature_scaling": false,
    "temp_scale_min": 0.5,
    "temp_scale_max": 5.0,
    "temp_scale_steps": 31,
    "seed": 22,
    "force_cpu": true,
    "physics_context": false,
    "capacity": 120000.0,
    "train_supervised_nodes": 1272,
    "target_meta": {
      "covered_train_nodes": 1272,
      "pseudo_attack_nodes": 0,
      "pseudo_benign_nodes": 0,
      "effective_train_nodes": 1272
    }
  }
}