{
  "best_epoch": 2,
  "best_val_f1": 0.9219391947411667,
  "best_threshold_raw": 0.09999999403953552,
  "best_threshold": 0.09999999403953552,
  "eval_temperature": 1.0,
  "temperature_scaling": {
    "enabled": false,
    "temperature": 1.0,
    "val_nll_raw": 0.0,
    "val_nll_calibrated": 0.0,
    "val_ece_raw": 0.0,
    "val_ece_calibrated": 0.0,
    "val_brier_raw": 0.0,
    "val_brier_calibrated": 0.0,
    "val_threshold_raw": 0.09999999403953552,
    "val_threshold_calibrated": 0.09999999403953552,
    "val_f1_raw": 0.9219391947411667,
    "val_f1_calibrated": 0.9219391947411667
  },
  "final_eval_raw": {
    "train": {
      "accuracy": 0.9070843716625133,
      "precision": 0.8939243027888446,
      "recall": 0.9739555073250136,
      "f1": 0.9322253960010387,
      "fpr": 0.2204968944099379,
      "ece": 0.18885231018066406,
      "brier": 0.13642063736915588,
      "tp": 1795,
      "fp": 213,
      "fn": 48,
      "tn": 753,
      "threshold": 0.09999999403953552,
      "temperature": 1.0
    },
    "val": {
      "accuracy": 0.898936170212766,
      "precision": 0.8779342723004695,
      "recall": 0.9705882352941176,
      "f1": 0.9219391947411667,
      "fpr": 0.2154696132596685,
      "ece": 0.18309803307056427,
      "brier": 0.1389453262090683,
      "tp": 561,
      "fp": 78,
      "fn": 17,
      "tn": 284,
      "threshold": 0.09999999403953552,
      "temperature": 1.0
    },
    "test_random": {
      "accuracy": 0.8681434599156118,
      "precision": 0.8742138364779874,
      "recall": 0.9251247920133111,
      "f1": 0.898949070331447,
      "fpr": 0.23054755043227665,
      "ece": 0.20260418951511383,
      "brier": 0.18149422109127045,
      "tp": 556,
      "fp": 80,
      "fn": 45,
      "tn": 267,
      "threshold": 0.09999999403953552,
      "temperature": 1.0
    },
    "test_temporal": {
      "accuracy": 0.8681434599156118,
      "precision": 0.8742138364779874,
      "recall": 0.9251247920133111,
      "f1": 0.898949070331447,
      "fpr": 0.23054755043227665,
      "ece": 0.20260418951511383,
      "brier": 0.18149422109127045,
      "tp": 556,
      "fp": 80,
      "fn": 45,
      "tn": 267,
      "threshold": 0.09999999403953552,
      "temperature": 1.0
    }
  },
  "final_eval": {
    "train": {
      "accuracy": 0.9070843716625133,
      "precision": 0.8939243027888446,
      "recall": 0.9739555073250136,
      "f1": 0.9322253960010387,
      "fpr": 0.2204968944099379,
      "ece": 0.18885231018066406,
      "brier": 0.13642063736915588,
      "tp": 1795,
      "fp": 213,
      "fn": 48,
      "tn": 753,
      "threshold": 0.09999999403953552,
      "temperature": 1.0
    },
    "val": {
      "accuracy": 0.898936170212766,
      "precision": 0.8779342723004695,
      "recall": 0.9705882352941176,
      "f1": 0.9219391947411667,
      "fpr": 0.2154696132596685,
      "ece": 0.18309803307056427,
      "brier": 0.1389453262090683,
      "tp": 561,
      "fp": 78,
      "fn": 17,
      "tn": 284,
      "threshold": 0.09999999403953552,
      "temperature": 1.0
    },
    "test_random": {
      "accuracy": 0.8681434599156118,
      "precision": 0.8742138364779874,
      "recall": 0.9251247920133111,
      "f1": 0.898949070331447,
      "fpr": 0.23054755043227665,
      "ece": 0.20260418951511383,
      "brier": 0.18149422109127045,
      "tp": 556,
      "fp": 80,
      "fn": 45,
      "tn": 267,
      "threshold": 0.09999999403953552,
      "temperature": 1.0
    },
    "test_temporal": {
      "accuracy": 0.8681434599156118,
      "precision": 0.8742138364779874,
      "recall": 0.9251247920133111,
      "f1": 0.898949070331447,
      "fpr": 0.23054755043227665,
      "ece": 0.20260418951511383,
      "brier": 0.18149422109127045,
      "tp": 556,
      "fp": 80,
      "fn": 45,
      "tn": 267,
      "threshold": 0.09999999403953552,
      "temperature": 1.0
    }
  },
  "group_names": {
    "0": "low_rho_low_uncertainty",
    "1": "low_rho_high_uncertainty",
    "2": "high_rho_low_uncertainty",
    "3": "high_rho_high_uncertainty"
  },
  "group_thresholds": {
    "uncertainty_mid": 0.7086440324783325,
    "rho_mid": 29.54306411743164
  },
  "prior_stats": {
    "source_prior": [
      0.5863457918167114,
      0.4136541783809662
    ],
    "target_prior": [
      0.5123652815818787,
      0.48763468861579895
    ]
  },
  "history": {
    "train_loss": [
      0.6997113227844238,
      0.5218799114227295,
      0.41686156392097473,
      0.3806588649749756,
      0.35890185832977295,
      0.34990060329437256,
      0.34223195910453796,
      0.34763628244400024,
      0.33968234062194824,
      0.3384518325328827
    ],
    "val_f1": [
      0.8733766233766235,
      0.9219391947411667,
      0.9028374892519347,
      0.8995708154506439,
      0.8892763731473409,
      0.8782222222222221
    ],
    "val_ece": [
      0.24048000574111938,
      0.18309803307056427,
      0.14473651349544525,
      0.11104185879230499,
      0.08515486121177673,
      0.08066725730895996
    ],
    "val_threshold": [
      0.2499999850988388,
      0.09999999403953552,
      0.09999999403953552,
      0.09999999403953552,
      0.14999999105930328,
      0.19999998807907104
    ],
    "base_loss": [
      0.6953744888305664,
      0.5192115306854248,
      0.4098838269710541,
      0.3721300959587097,
      0.3486397862434387,
      0.34011563658714294,
      0.3328052759170532,
      0.33746999502182007,
      0.3306710124015808,
      0.3283919095993042
    ],
    "dro_loss": [
      0.7040480971336365,
      0.5245482325553894,
      0.4238393008708954,
      0.38918763399124146,
      0.3691639304161072,
      0.3596855700016022,
      0.3516586422920227,
      0.35780254006385803,
      0.3486936390399933,
      0.3485117554664612
    ]
  },
  "runtime_sec": 0.7311389446258545,
  "config": {
    "graph_file": "/home/user/FedSTGCN/cdro_suite/batch2_baselineplus_s3_v1/protocol_graphs/weak_topology_ood.pt",
    "method": "cdro_ug_priorcorr",
    "hidden_dim": 64,
    "heads": 4,
    "dropout": 0.3,
    "lr": 0.005,
    "weight_decay": 0.0005,
    "epochs": 10,
    "patience": 4,
    "lambda_dro": 0.5,
    "ug_temperature": 0.35,
    "ug_priority_loss_scale": 1.0,
    "ug_uncertainty_scale": 0.2,
    "ug_disagreement_scale": 0.1,
    "ug_sample_weight_scale": 0.0,
    "posthoc_temperature_scaling": false,
    "temp_scale_min": 0.5,
    "temp_scale_max": 5.0,
    "temp_scale_steps": 31,
    "seed": 11,
    "force_cpu": true,
    "physics_context": false,
    "capacity": 120000.0,
    "train_supervised_nodes": 1254,
    "target_meta": {
      "covered_train_nodes": 1254,
      "pseudo_attack_nodes": 0,
      "pseudo_benign_nodes": 0,
      "effective_train_nodes": 1254
    }
  }
}