{
  "best_epoch": 2,
  "best_val_f1": 0.8866906474820144,
  "best_threshold_raw": 0.14999999105930328,
  "best_threshold": 0.14999999105930328,
  "eval_temperature": 1.0,
  "temperature_scaling": {
    "enabled": false,
    "temperature": 1.0,
    "val_nll_raw": 0.0,
    "val_nll_calibrated": 0.0,
    "val_ece_raw": 0.0,
    "val_ece_calibrated": 0.0,
    "val_brier_raw": 0.0,
    "val_brier_calibrated": 0.0,
    "val_threshold_raw": 0.14999999105930328,
    "val_threshold_calibrated": 0.14999999105930328,
    "val_f1_raw": 0.8866906474820144,
    "val_f1_calibrated": 0.8866906474820144
  },
  "final_eval_raw": {
    "train": {
      "accuracy": 0.8841670713938805,
      "precision": 0.8792270531400966,
      "recall": 0.9639830508474576,
      "f1": 0.9196563921172309,
      "fpr": 0.291601866251944,
      "ece": 0.1485467553138733,
      "brier": 0.1212402805685997,
      "tp": 2730,
      "fp": 375,
      "fn": 102,
      "tn": 911,
      "threshold": 0.14999999105930328,
      "temperature": 1.0
    },
    "val": {
      "accuracy": 0.8639308855291576,
      "precision": 0.8162251655629139,
      "recall": 0.9704724409448819,
      "f1": 0.8866906474820144,
      "fpr": 0.26555023923444976,
      "ece": 0.21816647052764893,
      "brier": 0.23008671402931213,
      "tp": 493,
      "fp": 111,
      "fn": 15,
      "tn": 307,
      "threshold": 0.14999999105930328,
      "temperature": 1.0
    },
    "test_random": {
      "accuracy": 0.8775510204081632,
      "precision": 0.8147540983606557,
      "recall": 0.9979919678714859,
      "f1": 0.8971119133574007,
      "fpr": 0.26096997690531176,
      "ece": 0.1292213499546051,
      "brier": 0.06805845350027084,
      "tp": 497,
      "fp": 113,
      "fn": 1,
      "tn": 320,
      "threshold": 0.14999999105930328,
      "temperature": 1.0
    },
    "test_temporal": {
      "accuracy": 0.8775510204081632,
      "precision": 0.8147540983606557,
      "recall": 0.9979919678714859,
      "f1": 0.8971119133574007,
      "fpr": 0.26096997690531176,
      "ece": 0.1292213499546051,
      "brier": 0.06805845350027084,
      "tp": 497,
      "fp": 113,
      "fn": 1,
      "tn": 320,
      "threshold": 0.14999999105930328,
      "temperature": 1.0
    }
  },
  "final_eval": {
    "train": {
      "accuracy": 0.8841670713938805,
      "precision": 0.8792270531400966,
      "recall": 0.9639830508474576,
      "f1": 0.9196563921172309,
      "fpr": 0.291601866251944,
      "ece": 0.1485467553138733,
      "brier": 0.1212402805685997,
      "tp": 2730,
      "fp": 375,
      "fn": 102,
      "tn": 911,
      "threshold": 0.14999999105930328,
      "temperature": 1.0
    },
    "val": {
      "accuracy": 0.8639308855291576,
      "precision": 0.8162251655629139,
      "recall": 0.9704724409448819,
      "f1": 0.8866906474820144,
      "fpr": 0.26555023923444976,
      "ece": 0.21816647052764893,
      "brier": 0.23008671402931213,
      "tp": 493,
      "fp": 111,
      "fn": 15,
      "tn": 307,
      "threshold": 0.14999999105930328,
      "temperature": 1.0
    },
    "test_random": {
      "accuracy": 0.8775510204081632,
      "precision": 0.8147540983606557,
      "recall": 0.9979919678714859,
      "f1": 0.8971119133574007,
      "fpr": 0.26096997690531176,
      "ece": 0.1292213499546051,
      "brier": 0.06805845350027084,
      "tp": 497,
      "fp": 113,
      "fn": 1,
      "tn": 320,
      "threshold": 0.14999999105930328,
      "temperature": 1.0
    },
    "test_temporal": {
      "accuracy": 0.8775510204081632,
      "precision": 0.8147540983606557,
      "recall": 0.9979919678714859,
      "f1": 0.8971119133574007,
      "fpr": 0.26096997690531176,
      "ece": 0.1292213499546051,
      "brier": 0.06805845350027084,
      "tp": 497,
      "fp": 113,
      "fn": 1,
      "tn": 320,
      "threshold": 0.14999999105930328,
      "temperature": 1.0
    }
  },
  "group_names": {
    "0": "low_rho_low_uncertainty",
    "1": "low_rho_high_uncertainty",
    "2": "high_rho_low_uncertainty",
    "3": "high_rho_high_uncertainty"
  },
  "group_thresholds": {
    "uncertainty_mid": 0.8152983784675598,
    "rho_mid": 24.88705062866211
  },
  "prior_stats": {
    "source_prior": [],
    "target_prior": []
  },
  "history": {
    "train_loss": [
      0.7140591144561768,
      0.6228838562965393,
      0.596781849861145,
      0.5985103845596313,
      0.5886090993881226,
      0.5879949927330017,
      0.5861763954162598,
      0.5848305821418762,
      0.5846177339553833,
      0.5845975875854492
    ],
    "val_f1": [
      0.7692307692307694,
      0.8866906474820144,
      0.744421906693712,
      0.7085076708507672,
      0.7085076708507672,
      0.7085076708507672
    ],
    "val_ece": [
      0.15388846397399902,
      0.21816647052764893,
      0.24184617400169373,
      0.2459041029214859,
      0.21726419031620026,
      0.2009657621383667
    ],
    "val_threshold": [
      0.29999998211860657,
      0.14999999105930328,
      0.14999999105930328,
      0.05000000074505806,
      0.05000000074505806,
      0.05000000074505806
    ],
    "base_loss": [
      0.7057814002037048,
      0.6046179533004761,
      0.5627365708351135,
      0.5613141059875488,
      0.5539725422859192,
      0.557597279548645,
      0.5572782754898071,
      0.5568804144859314,
      0.5578777194023132,
      0.5561927556991577
    ],
    "dro_loss": [
      0.7223368287086487,
      0.6411497592926025,
      0.6308271288871765,
      0.6357067227363586,
      0.6232457160949707,
      0.6183927059173584,
      0.6150745153427124,
      0.612780749797821,
      0.6113576889038086,
      0.6130024194717407
    ]
  },
  "runtime_sec": 0.8439788818359375,
  "config": {
    "graph_file": "/home/user/FedSTGCN/cdro_suite/main_baselineplus_s3_v1/protocol_graphs/weak_attack_strategy_ood.pt",
    "method": "cdro_fixed",
    "hidden_dim": 64,
    "heads": 4,
    "dropout": 0.3,
    "lr": 0.005,
    "weight_decay": 0.0005,
    "epochs": 10,
    "patience": 4,
    "lambda_dro": 0.5,
    "ug_temperature": 0.35,
    "ug_priority_loss_scale": 1.0,
    "ug_uncertainty_scale": 0.2,
    "ug_disagreement_scale": 0.1,
    "ug_sample_weight_scale": 0.0,
    "posthoc_temperature_scaling": false,
    "temp_scale_min": 0.5,
    "temp_scale_max": 5.0,
    "temp_scale_steps": 31,
    "seed": 11,
    "force_cpu": true,
    "physics_context": false,
    "capacity": 120000.0,
    "train_supervised_nodes": 1550,
    "target_meta": {
      "covered_train_nodes": 1550,
      "pseudo_attack_nodes": 0,
      "pseudo_benign_nodes": 0,
      "effective_train_nodes": 1550
    }
  }
}