{
  "best_epoch": 2,
  "best_val_f1": 0.9269442262372349,
  "best_threshold_raw": 0.14999999105930328,
  "best_threshold": 0.14999999105930328,
  "eval_temperature": 1.0,
  "temperature_scaling": {
    "enabled": false,
    "temperature": 1.0,
    "val_nll_raw": 0.0,
    "val_nll_calibrated": 0.0,
    "val_ece_raw": 0.0,
    "val_ece_calibrated": 0.0,
    "val_brier_raw": 0.0,
    "val_brier_calibrated": 0.0,
    "val_threshold_raw": 0.14999999105930328,
    "val_threshold_calibrated": 0.14999999105930328,
    "val_f1_raw": 0.9269442262372349,
    "val_f1_calibrated": 0.9269442262372349
  },
  "final_eval_raw": {
    "train": {
      "accuracy": 0.8946061036195884,
      "precision": 0.9045333333333333,
      "recall": 0.9349503858875413,
      "f1": 0.9194903767958795,
      "fpr": 0.17828685258964144,
      "ece": 0.21002742648124695,
      "brier": 0.14583639800548553,
      "tp": 1696,
      "fp": 179,
      "fn": 118,
      "tn": 825,
      "threshold": 0.14999999105930328,
      "temperature": 1.0
    },
    "val": {
      "accuracy": 0.9014830508474576,
      "precision": 0.9035222052067381,
      "recall": 0.9516129032258065,
      "f1": 0.9269442262372349,
      "fpr": 0.19444444444444445,
      "ece": 0.20215190947055817,
      "brier": 0.13470546901226044,
      "tp": 590,
      "fp": 63,
      "fn": 30,
      "tn": 261,
      "threshold": 0.14999999105930328,
      "temperature": 1.0
    },
    "test_random": {
      "accuracy": 0.8288770053475936,
      "precision": 0.8101449275362319,
      "recall": 0.9506802721088435,
      "f1": 0.8748043818466353,
      "fpr": 0.37752161383285304,
      "ece": 0.12564928829669952,
      "brier": 0.13380709290504456,
      "tp": 559,
      "fp": 131,
      "fn": 29,
      "tn": 216,
      "threshold": 0.14999999105930328,
      "temperature": 1.0
    },
    "test_temporal": {
      "accuracy": 0.8288770053475936,
      "precision": 0.8101449275362319,
      "recall": 0.9506802721088435,
      "f1": 0.8748043818466353,
      "fpr": 0.37752161383285304,
      "ece": 0.12564928829669952,
      "brier": 0.13380709290504456,
      "tp": 559,
      "fp": 131,
      "fn": 29,
      "tn": 216,
      "threshold": 0.14999999105930328,
      "temperature": 1.0
    }
  },
  "final_eval": {
    "train": {
      "accuracy": 0.8946061036195884,
      "precision": 0.9045333333333333,
      "recall": 0.9349503858875413,
      "f1": 0.9194903767958795,
      "fpr": 0.17828685258964144,
      "ece": 0.21002742648124695,
      "brier": 0.14583639800548553,
      "tp": 1696,
      "fp": 179,
      "fn": 118,
      "tn": 825,
      "threshold": 0.14999999105930328,
      "temperature": 1.0
    },
    "val": {
      "accuracy": 0.9014830508474576,
      "precision": 0.9035222052067381,
      "recall": 0.9516129032258065,
      "f1": 0.9269442262372349,
      "fpr": 0.19444444444444445,
      "ece": 0.20215190947055817,
      "brier": 0.13470546901226044,
      "tp": 590,
      "fp": 63,
      "fn": 30,
      "tn": 261,
      "threshold": 0.14999999105930328,
      "temperature": 1.0
    },
    "test_random": {
      "accuracy": 0.8288770053475936,
      "precision": 0.8101449275362319,
      "recall": 0.9506802721088435,
      "f1": 0.8748043818466353,
      "fpr": 0.37752161383285304,
      "ece": 0.12564928829669952,
      "brier": 0.13380709290504456,
      "tp": 559,
      "fp": 131,
      "fn": 29,
      "tn": 216,
      "threshold": 0.14999999105930328,
      "temperature": 1.0
    },
    "test_temporal": {
      "accuracy": 0.8288770053475936,
      "precision": 0.8101449275362319,
      "recall": 0.9506802721088435,
      "f1": 0.8748043818466353,
      "fpr": 0.37752161383285304,
      "ece": 0.12564928829669952,
      "brier": 0.13380709290504456,
      "tp": 559,
      "fp": 131,
      "fn": 29,
      "tn": 216,
      "threshold": 0.14999999105930328,
      "temperature": 1.0
    }
  },
  "group_names": {
    "0": "low_rho_low_uncertainty",
    "1": "low_rho_high_uncertainty",
    "2": "high_rho_low_uncertainty",
    "3": "high_rho_high_uncertainty"
  },
  "group_thresholds": {
    "uncertainty_mid": 0.701879620552063,
    "rho_mid": 27.268836975097656
  },
  "prior_stats": {
    "source_prior": [],
    "target_prior": []
  },
  "history": {
    "train_loss": [
      0.7059577703475952,
      0.5935382843017578,
      0.5689785480499268,
      0.559942901134491,
      0.5577191114425659,
      0.5534389019012451,
      0.5540701150894165,
      0.5534470081329346,
      0.5494523048400879,
      0.5502207279205322
    ],
    "val_f1": [
      0.896551724137931,
      0.9269442262372349,
      0.9189189189189189,
      0.8477508650519031,
      0.7928388746803069,
      0.8214285714285714
    ],
    "val_ece": [
      0.21588945388793945,
      0.20215190947055817,
      0.17412295937538147,
      0.18465061485767365,
      0.21320408582687378,
      0.2323942482471466
    ],
    "val_threshold": [
      0.2499999850988388,
      0.14999999105930328,
      0.14999999105930328,
      0.2499999850988388,
      0.05000000074505806,
      0.2499999850988388
    ],
    "base_loss": [
      0.6796203255653381,
      0.5756155252456665,
      0.5308910012245178,
      0.5243659019470215,
      0.5270700454711914,
      0.5249545574188232,
      0.5252829194068909,
      0.5231912732124329,
      0.5192368030548096,
      0.5177347660064697
    ],
    "dro_loss": [
      0.7322951555252075,
      0.6114610433578491,
      0.6070660352706909,
      0.5955199003219604,
      0.5883681178092957,
      0.581923246383667,
      0.5828573107719421,
      0.583702802658081,
      0.5796677470207214,
      0.58270663022995
    ]
  },
  "runtime_sec": 0.6737148761749268,
  "config": {
    "graph_file": "/home/user/FedSTGCN/cdro_suite/batch2_baselineplus_s3_v1/protocol_graphs/weak_temporal_ood.pt",
    "method": "cdro_fixed",
    "hidden_dim": 64,
    "heads": 4,
    "dropout": 0.3,
    "lr": 0.005,
    "weight_decay": 0.0005,
    "epochs": 10,
    "patience": 4,
    "lambda_dro": 0.5,
    "ug_temperature": 0.35,
    "ug_priority_loss_scale": 1.0,
    "ug_uncertainty_scale": 0.2,
    "ug_disagreement_scale": 0.1,
    "ug_sample_weight_scale": 0.0,
    "posthoc_temperature_scaling": false,
    "temp_scale_min": 0.5,
    "temp_scale_max": 5.0,
    "temp_scale_steps": 31,
    "seed": 11,
    "force_cpu": true,
    "physics_context": false,
    "capacity": 120000.0,
    "train_supervised_nodes": 1272,
    "target_meta": {
      "covered_train_nodes": 1272,
      "pseudo_attack_nodes": 0,
      "pseudo_benign_nodes": 0,
      "effective_train_nodes": 1272
    }
  }
}