{
  "best_epoch": 2,
  "best_val_f1": 0.8730158730158731,
  "best_threshold_raw": 0.14999999105930328,
  "best_threshold": 0.14999999105930328,
  "eval_temperature": 1.0,
  "temperature_scaling": {
    "enabled": false,
    "temperature": 1.0,
    "val_nll_raw": 0.0,
    "val_nll_calibrated": 0.0,
    "val_ece_raw": 0.0,
    "val_ece_calibrated": 0.0,
    "val_brier_raw": 0.0,
    "val_brier_calibrated": 0.0,
    "val_threshold_raw": 0.14999999105930328,
    "val_threshold_calibrated": 0.14999999105930328,
    "val_f1_raw": 0.8730158730158731,
    "val_f1_calibrated": 0.8730158730158731
  },
  "final_eval_raw": {
    "train": {
      "accuracy": 0.8725109276347741,
      "precision": 0.8670060451797645,
      "recall": 0.9622175141242938,
      "f1": 0.9121338912133892,
      "fpr": 0.3250388802488336,
      "ece": 0.11035212874412537,
      "brier": 0.10169805586338043,
      "tp": 2725,
      "fp": 418,
      "fn": 107,
      "tn": 868,
      "threshold": 0.14999999105930328,
      "temperature": 1.0
    },
    "val": {
      "accuracy": 0.8444924406047516,
      "precision": 0.7907348242811502,
      "recall": 0.9744094488188977,
      "f1": 0.8730158730158731,
      "fpr": 0.3133971291866029,
      "ece": 0.1801338493824005,
      "brier": 0.20415614545345306,
      "tp": 495,
      "fp": 131,
      "fn": 13,
      "tn": 287,
      "threshold": 0.14999999105930328,
      "temperature": 1.0
    },
    "test_random": {
      "accuracy": 0.8614393125671321,
      "precision": 0.7942583732057417,
      "recall": 1.0,
      "f1": 0.8853333333333334,
      "fpr": 0.2979214780600462,
      "ece": 0.12174846976995468,
      "brier": 0.053580157458782196,
      "tp": 498,
      "fp": 129,
      "fn": 0,
      "tn": 304,
      "threshold": 0.14999999105930328,
      "temperature": 1.0
    },
    "test_temporal": {
      "accuracy": 0.8614393125671321,
      "precision": 0.7942583732057417,
      "recall": 1.0,
      "f1": 0.8853333333333334,
      "fpr": 0.2979214780600462,
      "ece": 0.12174846976995468,
      "brier": 0.053580157458782196,
      "tp": 498,
      "fp": 129,
      "fn": 0,
      "tn": 304,
      "threshold": 0.14999999105930328,
      "temperature": 1.0
    }
  },
  "final_eval": {
    "train": {
      "accuracy": 0.8725109276347741,
      "precision": 0.8670060451797645,
      "recall": 0.9622175141242938,
      "f1": 0.9121338912133892,
      "fpr": 0.3250388802488336,
      "ece": 0.11035212874412537,
      "brier": 0.10169805586338043,
      "tp": 2725,
      "fp": 418,
      "fn": 107,
      "tn": 868,
      "threshold": 0.14999999105930328,
      "temperature": 1.0
    },
    "val": {
      "accuracy": 0.8444924406047516,
      "precision": 0.7907348242811502,
      "recall": 0.9744094488188977,
      "f1": 0.8730158730158731,
      "fpr": 0.3133971291866029,
      "ece": 0.1801338493824005,
      "brier": 0.20415614545345306,
      "tp": 495,
      "fp": 131,
      "fn": 13,
      "tn": 287,
      "threshold": 0.14999999105930328,
      "temperature": 1.0
    },
    "test_random": {
      "accuracy": 0.8614393125671321,
      "precision": 0.7942583732057417,
      "recall": 1.0,
      "f1": 0.8853333333333334,
      "fpr": 0.2979214780600462,
      "ece": 0.12174846976995468,
      "brier": 0.053580157458782196,
      "tp": 498,
      "fp": 129,
      "fn": 0,
      "tn": 304,
      "threshold": 0.14999999105930328,
      "temperature": 1.0
    },
    "test_temporal": {
      "accuracy": 0.8614393125671321,
      "precision": 0.7942583732057417,
      "recall": 1.0,
      "f1": 0.8853333333333334,
      "fpr": 0.2979214780600462,
      "ece": 0.12174846976995468,
      "brier": 0.053580157458782196,
      "tp": 498,
      "fp": 129,
      "fn": 0,
      "tn": 304,
      "threshold": 0.14999999105930328,
      "temperature": 1.0
    }
  },
  "group_names": {
    "0": "low_rho_low_uncertainty",
    "1": "low_rho_high_uncertainty",
    "2": "high_rho_low_uncertainty",
    "3": "high_rho_high_uncertainty"
  },
  "group_thresholds": {
    "uncertainty_mid": 0.8152983784675598,
    "rho_mid": 24.88705062866211
  },
  "prior_stats": {
    "source_prior": [],
    "target_prior": []
  },
  "history": {
    "train_loss": [
      0.719110369682312,
      0.5293598175048828,
      0.3946920335292816,
      0.34914177656173706,
      0.33571189641952515,
      0.3337535262107849,
      0.3260345458984375,
      0.32285237312316895,
      0.326231449842453,
      0.3242594301700592
    ],
    "val_f1": [
      0.7934693877551021,
      0.8730158730158731,
      0.765784114052953,
      0.7592067988668556,
      0.6420581655480985,
      0.7085076708507672
    ],
    "val_ece": [
      0.17142991721630096,
      0.1801338493824005,
      0.22912545502185822,
      0.2811301648616791,
      0.30954304337501526,
      0.3112357258796692
    ],
    "val_threshold": [
      0.29999998211860657,
      0.14999999105930328,
      0.09999999403953552,
      0.05000000074505806,
      0.09999999403953552,
      0.05000000074505806
    ],
    "base_loss": [
      0.7182154059410095,
      0.5271917581558228,
      0.3890516459941864,
      0.3396427631378174,
      0.32416266202926636,
      0.32375568151474,
      0.316176176071167,
      0.312658429145813,
      0.31683313846588135,
      0.315790593624115
    ],
    "dro_loss": [
      0.7200052738189697,
      0.5315278768539429,
      0.40033242106437683,
      0.35864076018333435,
      0.34726113080978394,
      0.34375134110450745,
      0.335892915725708,
      0.3330463171005249,
      0.33562976121902466,
      0.3327282667160034
    ]
  },
  "runtime_sec": 0.9511585235595703,
  "config": {
    "graph_file": "/home/user/FedSTGCN/cdro_suite/main_baselineplus_s3_v1/protocol_graphs/weak_attack_strategy_ood.pt",
    "method": "cdro_ug",
    "hidden_dim": 64,
    "heads": 4,
    "dropout": 0.3,
    "lr": 0.005,
    "weight_decay": 0.0005,
    "epochs": 10,
    "patience": 4,
    "lambda_dro": 0.5,
    "ug_temperature": 0.35,
    "ug_priority_loss_scale": 1.0,
    "ug_uncertainty_scale": 0.2,
    "ug_disagreement_scale": 0.1,
    "ug_sample_weight_scale": 0.0,
    "posthoc_temperature_scaling": false,
    "temp_scale_min": 0.5,
    "temp_scale_max": 5.0,
    "temp_scale_steps": 31,
    "seed": 11,
    "force_cpu": true,
    "physics_context": false,
    "capacity": 120000.0,
    "train_supervised_nodes": 1550,
    "target_meta": {
      "covered_train_nodes": 1550,
      "pseudo_attack_nodes": 0,
      "pseudo_benign_nodes": 0,
      "effective_train_nodes": 1550
    }
  }
}