{
  "best_epoch": 2,
  "best_val_f1": 0.8996282527881041,
  "best_threshold_raw": 0.09999999403953552,
  "best_threshold": 0.09999999403953552,
  "eval_temperature": 1.0,
  "temperature_scaling": {
    "enabled": false,
    "temperature": 1.0,
    "val_nll_raw": 0.0,
    "val_nll_calibrated": 0.0,
    "val_ece_raw": 0.0,
    "val_ece_calibrated": 0.0,
    "val_brier_raw": 0.0,
    "val_brier_calibrated": 0.0,
    "val_threshold_raw": 0.09999999403953552,
    "val_threshold_calibrated": 0.09999999403953552,
    "val_f1_raw": 0.8996282527881041,
    "val_f1_calibrated": 0.8996282527881041
  },
  "final_eval_raw": {
    "train": {
      "accuracy": 0.9159509202453988,
      "precision": 0.9102355808285947,
      "recall": 0.9768962510897995,
      "f1": 0.9423885618166526,
      "fpr": 0.2287784679089027,
      "ece": 0.1855686455965042,
      "brier": 0.12924043834209442,
      "tp": 2241,
      "fp": 221,
      "fn": 53,
      "tn": 745,
      "threshold": 0.09999999403953552,
      "temperature": 1.0
    },
    "val": {
      "accuracy": 0.8882758620689655,
      "precision": 0.8175675675675675,
      "recall": 1.0,
      "f1": 0.8996282527881041,
      "fpr": 0.22375690607734808,
      "ece": 0.2702513635158539,
      "brier": 0.1991989016532898,
      "tp": 363,
      "fp": 81,
      "fn": 0,
      "tn": 281,
      "threshold": 0.09999999403953552,
      "temperature": 1.0
    },
    "test_random": {
      "accuracy": 0.8862359550561798,
      "precision": 0.8183856502242153,
      "recall": 1.0,
      "f1": 0.9001233045622689,
      "fpr": 0.2334293948126801,
      "ece": 0.10876858234405518,
      "brier": 0.06690406054258347,
      "tp": 365,
      "fp": 81,
      "fn": 0,
      "tn": 266,
      "threshold": 0.09999999403953552,
      "temperature": 1.0
    },
    "test_temporal": {
      "accuracy": 0.8862359550561798,
      "precision": 0.8183856502242153,
      "recall": 1.0,
      "f1": 0.9001233045622689,
      "fpr": 0.2334293948126801,
      "ece": 0.10876858234405518,
      "brier": 0.06690406054258347,
      "tp": 365,
      "fp": 81,
      "fn": 0,
      "tn": 266,
      "threshold": 0.09999999403953552,
      "temperature": 1.0
    }
  },
  "final_eval": {
    "train": {
      "accuracy": 0.9159509202453988,
      "precision": 0.9102355808285947,
      "recall": 0.9768962510897995,
      "f1": 0.9423885618166526,
      "fpr": 0.2287784679089027,
      "ece": 0.1855686455965042,
      "brier": 0.12924043834209442,
      "tp": 2241,
      "fp": 221,
      "fn": 53,
      "tn": 745,
      "threshold": 0.09999999403953552,
      "temperature": 1.0
    },
    "val": {
      "accuracy": 0.8882758620689655,
      "precision": 0.8175675675675675,
      "recall": 1.0,
      "f1": 0.8996282527881041,
      "fpr": 0.22375690607734808,
      "ece": 0.2702513635158539,
      "brier": 0.1991989016532898,
      "tp": 363,
      "fp": 81,
      "fn": 0,
      "tn": 281,
      "threshold": 0.09999999403953552,
      "temperature": 1.0
    },
    "test_random": {
      "accuracy": 0.8862359550561798,
      "precision": 0.8183856502242153,
      "recall": 1.0,
      "f1": 0.9001233045622689,
      "fpr": 0.2334293948126801,
      "ece": 0.10876858234405518,
      "brier": 0.06690406054258347,
      "tp": 365,
      "fp": 81,
      "fn": 0,
      "tn": 266,
      "threshold": 0.09999999403953552,
      "temperature": 1.0
    },
    "test_temporal": {
      "accuracy": 0.8862359550561798,
      "precision": 0.8183856502242153,
      "recall": 1.0,
      "f1": 0.9001233045622689,
      "fpr": 0.2334293948126801,
      "ece": 0.10876858234405518,
      "brier": 0.06690406054258347,
      "tp": 365,
      "fp": 81,
      "fn": 0,
      "tn": 266,
      "threshold": 0.09999999403953552,
      "temperature": 1.0
    }
  },
  "group_names": {
    "0": "low_rho_low_uncertainty",
    "1": "low_rho_high_uncertainty",
    "2": "high_rho_low_uncertainty",
    "3": "high_rho_high_uncertainty"
  },
  "group_thresholds": {
    "uncertainty_mid": 0.7323845028877258,
    "rho_mid": 29.848581314086914
  },
  "prior_stats": {
    "source_prior": [
      0.5150848031044006,
      0.4849151074886322
    ],
    "target_prior": [
      0.47858238220214844,
      0.5214175581932068
    ]
  },
  "history": {
    "train_loss": [
      0.7092989087104797,
      0.5104688405990601,
      0.3827260732650757,
      0.3473266661167145,
      0.3309336304664612,
      0.32190635800361633,
      0.31707850098609924,
      0.3229420781135559,
      0.3192465305328369,
      0.31679633259773254
    ],
    "val_f1": [
      0.8467836257309941,
      0.8996282527881041,
      0.8612099644128113,
      0.7771084337349397,
      0.7804154302670623,
      0.7317073170731707
    ],
    "val_ece": [
      0.19104647636413574,
      0.2702513635158539,
      0.21437261998653412,
      0.20918095111846924,
      0.1944379210472107,
      0.19294248521327972
    ],
    "val_threshold": [
      0.2499999850988388,
      0.09999999403953552,
      0.05000000074505806,
      0.09999999403953552,
      0.09999999403953552,
      0.14999999105930328
    ],
    "base_loss": [
      0.7058449983596802,
      0.5093170404434204,
      0.3786749541759491,
      0.3401293158531189,
      0.3216342628002167,
      0.3129555284976959,
      0.30830517411231995,
      0.3131129741668701,
      0.31045860052108765,
      0.3080708980560303
    ],
    "dro_loss": [
      0.7127528190612793,
      0.5116206407546997,
      0.3867771625518799,
      0.35452401638031006,
      0.3402329981327057,
      0.33085718750953674,
      0.32585182785987854,
      0.3327711522579193,
      0.3280344605445862,
      0.3255217671394348
    ]
  },
  "runtime_sec": 0.692763090133667,
  "config": {
    "graph_file": "/home/user/FedSTGCN/cdro_suite/batch2_baselineplus_s3_v1/protocol_graphs/weak_attack_strategy_ood.pt",
    "method": "cdro_ug_priorcorr",
    "hidden_dim": 64,
    "heads": 4,
    "dropout": 0.3,
    "lr": 0.005,
    "weight_decay": 0.0005,
    "epochs": 10,
    "patience": 4,
    "lambda_dro": 0.5,
    "ug_temperature": 0.35,
    "ug_priority_loss_scale": 1.0,
    "ug_uncertainty_scale": 0.2,
    "ug_disagreement_scale": 0.1,
    "ug_sample_weight_scale": 0.0,
    "posthoc_temperature_scaling": false,
    "temp_scale_min": 0.5,
    "temp_scale_max": 5.0,
    "temp_scale_steps": 31,
    "seed": 11,
    "force_cpu": true,
    "physics_context": false,
    "capacity": 120000.0,
    "train_supervised_nodes": 1331,
    "target_meta": {
      "covered_train_nodes": 1331,
      "pseudo_attack_nodes": 0,
      "pseudo_benign_nodes": 0,
      "effective_train_nodes": 1331
    }
  }
}