{
  "best_epoch": 2,
  "best_val_f1": 0.9187749667110519,
  "best_threshold_raw": 0.2499999850988388,
  "best_threshold": 0.2499999850988388,
  "eval_temperature": 1.0,
  "temperature_scaling": {
    "enabled": false,
    "temperature": 1.0,
    "val_nll_raw": 0.0,
    "val_nll_calibrated": 0.0,
    "val_ece_raw": 0.0,
    "val_ece_calibrated": 0.0,
    "val_brier_raw": 0.0,
    "val_brier_calibrated": 0.0,
    "val_threshold_raw": 0.2499999850988388,
    "val_threshold_calibrated": 0.2499999850988388,
    "val_f1_raw": 0.9187749667110519,
    "val_f1_calibrated": 0.9187749667110519
  },
  "final_eval_raw": {
    "train": {
      "accuracy": 0.8788343558282209,
      "precision": 0.9381633594831564,
      "recall": 0.8862249346120313,
      "f1": 0.9114548307554361,
      "fpr": 0.13871635610766045,
      "ece": 0.09829438477754593,
      "brier": 0.09238148480653763,
      "tp": 2033,
      "fp": 134,
      "fn": 261,
      "tn": 832,
      "threshold": 0.2499999850988388,
      "temperature": 1.0
    },
    "val": {
      "accuracy": 0.9158620689655173,
      "precision": 0.8891752577319587,
      "recall": 0.9504132231404959,
      "f1": 0.9187749667110519,
      "fpr": 0.11878453038674033,
      "ece": 0.25176241993904114,
      "brier": 0.15448328852653503,
      "tp": 345,
      "fp": 43,
      "fn": 18,
      "tn": 319,
      "threshold": 0.2499999850988388,
      "temperature": 1.0
    },
    "test_random": {
      "accuracy": 0.9171348314606742,
      "precision": 0.8608490566037735,
      "recall": 1.0,
      "f1": 0.9252217997465145,
      "fpr": 0.17002881844380405,
      "ece": 0.16163507103919983,
      "brier": 0.04794323444366455,
      "tp": 365,
      "fp": 59,
      "fn": 0,
      "tn": 288,
      "threshold": 0.2499999850988388,
      "temperature": 1.0
    },
    "test_temporal": {
      "accuracy": 0.9171348314606742,
      "precision": 0.8608490566037735,
      "recall": 1.0,
      "f1": 0.9252217997465145,
      "fpr": 0.17002881844380405,
      "ece": 0.16163507103919983,
      "brier": 0.04794323444366455,
      "tp": 365,
      "fp": 59,
      "fn": 0,
      "tn": 288,
      "threshold": 0.2499999850988388,
      "temperature": 1.0
    }
  },
  "final_eval": {
    "train": {
      "accuracy": 0.8788343558282209,
      "precision": 0.9381633594831564,
      "recall": 0.8862249346120313,
      "f1": 0.9114548307554361,
      "fpr": 0.13871635610766045,
      "ece": 0.09829438477754593,
      "brier": 0.09238148480653763,
      "tp": 2033,
      "fp": 134,
      "fn": 261,
      "tn": 832,
      "threshold": 0.2499999850988388,
      "temperature": 1.0
    },
    "val": {
      "accuracy": 0.9158620689655173,
      "precision": 0.8891752577319587,
      "recall": 0.9504132231404959,
      "f1": 0.9187749667110519,
      "fpr": 0.11878453038674033,
      "ece": 0.25176241993904114,
      "brier": 0.15448328852653503,
      "tp": 345,
      "fp": 43,
      "fn": 18,
      "tn": 319,
      "threshold": 0.2499999850988388,
      "temperature": 1.0
    },
    "test_random": {
      "accuracy": 0.9171348314606742,
      "precision": 0.8608490566037735,
      "recall": 1.0,
      "f1": 0.9252217997465145,
      "fpr": 0.17002881844380405,
      "ece": 0.16163507103919983,
      "brier": 0.04794323444366455,
      "tp": 365,
      "fp": 59,
      "fn": 0,
      "tn": 288,
      "threshold": 0.2499999850988388,
      "temperature": 1.0
    },
    "test_temporal": {
      "accuracy": 0.9171348314606742,
      "precision": 0.8608490566037735,
      "recall": 1.0,
      "f1": 0.9252217997465145,
      "fpr": 0.17002881844380405,
      "ece": 0.16163507103919983,
      "brier": 0.04794323444366455,
      "tp": 365,
      "fp": 59,
      "fn": 0,
      "tn": 288,
      "threshold": 0.2499999850988388,
      "temperature": 1.0
    }
  },
  "group_names": {
    "0": "low_rho_low_uncertainty",
    "1": "low_rho_high_uncertainty",
    "2": "high_rho_low_uncertainty",
    "3": "high_rho_high_uncertainty"
  },
  "group_thresholds": {
    "uncertainty_mid": 0.7323845028877258,
    "rho_mid": 29.848581314086914
  },
  "prior_stats": {
    "source_prior": [],
    "target_prior": []
  },
  "history": {
    "train_loss": [
      0.8079109191894531,
      0.5327407717704773,
      0.31458425521850586,
      0.18735484778881073,
      0.11718560755252838,
      0.08978558331727982,
      0.07504624873399734,
      0.05652802437543869,
      0.0609426349401474,
      0.05579620972275734
    ],
    "val_f1": [
      0.9139240506329115,
      0.9187749667110519,
      0.8511137162954279,
      0.8144796380090498,
      0.8291970802919708,
      0.7420382165605095
    ],
    "val_ece": [
      0.30176639556884766,
      0.25176241993904114,
      0.2280142456293106,
      0.19352461397647858,
      0.21653741598129272,
      0.2548418641090393
    ],
    "val_threshold": [
      0.3999999761581421,
      0.2499999850988388,
      0.09999999403953552,
      0.09999999403953552,
      0.05000000074505806,
      0.05000000074505806
    ],
    "base_loss": [
      0.8079109191894531,
      0.5327407717704773,
      0.31458425521850586,
      0.18735484778881073,
      0.11718560755252838,
      0.08978558331727982,
      0.07504624873399734,
      0.05652802437543869,
      0.0609426349401474,
      0.05579620972275734
    ],
    "dro_loss": [
      0.0,
      0.0,
      0.0,
      0.0,
      0.0,
      0.0,
      0.0,
      0.0,
      0.0,
      0.0
    ]
  },
  "runtime_sec": 0.6934459209442139,
  "config": {
    "graph_file": "/home/user/FedSTGCN/cdro_suite/batch2_baselineplus_s3_v1/protocol_graphs/weak_attack_strategy_ood.pt",
    "method": "noisy_ce",
    "hidden_dim": 64,
    "heads": 4,
    "dropout": 0.3,
    "lr": 0.005,
    "weight_decay": 0.0005,
    "epochs": 10,
    "patience": 4,
    "lambda_dro": 0.5,
    "ug_temperature": 0.35,
    "ug_priority_loss_scale": 1.0,
    "ug_uncertainty_scale": 0.2,
    "ug_disagreement_scale": 0.1,
    "ug_sample_weight_scale": 0.0,
    "posthoc_temperature_scaling": false,
    "temp_scale_min": 0.5,
    "temp_scale_max": 5.0,
    "temp_scale_steps": 31,
    "seed": 33,
    "force_cpu": true,
    "physics_context": false,
    "capacity": 120000.0,
    "train_supervised_nodes": 1331,
    "target_meta": {
      "covered_train_nodes": 1331,
      "pseudo_attack_nodes": 0,
      "pseudo_benign_nodes": 0,
      "effective_train_nodes": 1331
    }
  }
}