{
  "summary_json": "/home/user/FedSTGCN/cdro_suite/batch2_rewrite_sw0_s3_v2/cdro_summary.json",
  "metrics": [
    "f1",
    "fpr",
    "ece",
    "brier"
  ],
  "comparisons": [
    {
      "method_a": "cdro_ug",
      "method_b": "noisy_ce",
      "pooled": {
        "f1": {
          "method_a": {
            "n": 12,
            "mean": 0.8852478331808249,
            "std": 0.026116973653688837
          },
          "method_b": {
            "n": 12,
            "mean": 0.8875553012739794,
            "std": 0.02949808599402628
          },
          "delta_mean": -0.0023074680931545557,
          "p_value": 0.5923846717110081
        },
        "fpr": {
          "method_a": {
            "n": 12,
            "mean": 0.22588047862568383,
            "std": 0.05203253552116056
          },
          "method_b": {
            "n": 12,
            "mean": 0.26951041770181194,
            "std": 0.08047577370380116
          },
          "delta_mean": -0.04362993907612808,
          "p_value": 0.005125701732975348
        },
        "ece": {
          "method_a": {
            "n": 12,
            "mean": 0.18259569257497787,
            "std": 0.0567850125274062
          },
          "method_b": {
            "n": 12,
            "mean": 0.1714120755592982,
            "std": 0.05317950862275872
          },
          "delta_mean": 0.011183617015679678,
          "p_value": 0.5626067854527703
        },
        "brier": {
          "method_a": {
            "n": 12,
            "mean": 0.13048297384132942,
            "std": 0.045941229112893736
          },
          "method_b": {
            "n": 12,
            "mean": 0.1180816013365984,
            "std": 0.034811090616793286
          },
          "delta_mean": 0.01240137250473102,
          "p_value": 0.07346839150597999
        }
      },
      "per_protocol": {
        "label_prior_shift_ood": {
          "f1": {
            "method_a": {
              "n": 3,
              "mean": 0.8466773467337305,
              "std": 0.007186957919456511
            },
            "method_b": {
              "n": 3,
              "mean": 0.8457393662026488,
              "std": 0.009725797912086075
            },
            "delta_mean": 0.0009379805310818131,
            "p_value": 0.7777777777777778
          },
          "fpr": {
            "method_a": {
              "n": 3,
              "mean": 0.22148541114058357,
              "std": 0.03468619848971359
            },
            "method_b": {
              "n": 3,
              "mean": 0.25287356321839083,
              "std": 0.01781011235940203
            },
            "delta_mean": -0.03138815207780724,
            "p_value": 0.3333333333333333
          },
          "ece": {
            "method_a": {
              "n": 3,
              "mean": 0.1839447319507599,
              "std": 0.06020475289517388
            },
            "method_b": {
              "n": 3,
              "mean": 0.191723162929217,
              "std": 0.06679694870314716
            },
            "delta_mean": -0.007778430978457133,
            "p_value": 0.3333333333333333
          },
          "brier": {
            "method_a": {
              "n": 3,
              "mean": 0.12642859667539597,
              "std": 0.014196114110938816
            },
            "method_b": {
              "n": 3,
              "mean": 0.1253360112508138,
              "std": 0.015288675510180835
            },
            "delta_mean": 0.0010925854245821636,
            "p_value": 0.5555555555555556
          }
        },
        "weak_attack_strategy_ood": {
          "f1": {
            "method_a": {
              "n": 3,
              "mean": 0.9139664261178987,
              "std": 0.003914267262845703
            },
            "method_b": {
              "n": 3,
              "mean": 0.9152320501496225,
              "std": 0.009297285173774221
            },
            "delta_mean": -0.001265624031723811,
            "p_value": 1.0
          },
          "fpr": {
            "method_a": {
              "n": 3,
              "mean": 0.19692603266090297,
              "std": 0.011646835401519836
            },
            "method_b": {
              "n": 3,
              "mean": 0.19500480307396734,
              "std": 0.023293670803039644
            },
            "delta_mean": 0.0019212295869356355,
            "p_value": 1.0
          },
          "ece": {
            "method_a": {
              "n": 3,
              "mean": 0.14998083313306174,
              "std": 0.09653871993223523
            },
            "method_b": {
              "n": 3,
              "mean": 0.17327003677686056,
              "std": 0.07256525794477775
            },
            "delta_mean": -0.023289203643798828,
            "p_value": 0.3333333333333333
          },
          "brier": {
            "method_a": {
              "n": 3,
              "mean": 0.06870657826463382,
              "std": 0.033489989379941784
            },
            "method_b": {
              "n": 3,
              "mean": 0.07485464711983998,
              "std": 0.03058753591255662
            },
            "delta_mean": -0.006148068855206172,
            "p_value": 0.3333333333333333
          }
        },
        "weak_temporal_ood": {
          "f1": {
            "method_a": {
              "n": 3,
              "mean": 0.8925646215374287,
              "std": 0.00988386666368817
            },
            "method_b": {
              "n": 3,
              "mean": 0.8847652787790931,
              "std": 0.013956995884965922
            },
            "delta_mean": 0.007799342758335603,
            "p_value": 0.3333333333333333
          },
          "fpr": {
            "method_a": {
              "n": 3,
              "mean": 0.2881844380403458,
              "std": 0.0649534735999115
            },
            "method_b": {
              "n": 3,
              "mean": 0.3861671469740634,
              "std": 0.05122878626694865
            },
            "delta_mean": -0.09798270893371759,
            "p_value": 0.3333333333333333
          },
          "ece": {
            "method_a": {
              "n": 3,
              "mean": 0.21061729888121286,
              "std": 0.039561741504352356
            },
            "method_b": {
              "n": 3,
              "mean": 0.1357405682404836,
              "std": 0.039367175248556874
            },
            "delta_mean": 0.07487673064072926,
            "p_value": 0.3333333333333333
          },
          "brier": {
            "method_a": {
              "n": 3,
              "mean": 0.14831304053465524,
              "std": 0.013030505531787279
            },
            "method_b": {
              "n": 3,
              "mean": 0.11837434520324071,
              "std": 0.014670973996970623
            },
            "delta_mean": 0.02993869533141454,
            "p_value": 0.3333333333333333
          }
        },
        "weak_topology_ood": {
          "f1": {
            "method_a": {
              "n": 3,
              "mean": 0.8877829383342415,
              "std": 0.00531618429110218
            },
            "method_b": {
              "n": 3,
              "mean": 0.9044845099645533,
              "std": 0.01401748031954958
            },
            "delta_mean": -0.01670157163031183,
            "p_value": 0.3333333333333333
          },
          "fpr": {
            "method_a": {
              "n": 3,
              "mean": 0.19692603266090297,
              "std": 0.031082977305213137
            },
            "method_b": {
              "n": 3,
              "mean": 0.24399615754082613,
              "std": 0.044769184237199014
            },
            "delta_mean": -0.047070124879923146,
            "p_value": 0.3333333333333333
          },
          "ece": {
            "method_a": {
              "n": 3,
              "mean": 0.18583990633487701,
              "std": 0.02082216354138498
            },