{
  "config": {
    "protocol_graph_dir": "cdro_suite/batch2_rewrite_sw0_s3_v2/protocol_graphs",
    "attack_trust": 0.9,
    "benign_trust": 0.55,
    "protocols": [
      "weak_temporal_ood",
      "weak_topology_ood",
      "weak_attack_strategy_ood",
      "label_prior_shift_ood"
    ]
  },
  "protocols": {
    "weak_temporal_ood": {
      "graph_file": "cdro_suite/batch2_rewrite_sw0_s3_v2/protocol_graphs/weak_temporal_ood.pt",
      "covered_train_nodes": 1272,
      "buckets": {
        "weak_attack": {
          "n": 369,
          "precision": 0.9945799708366394,
          "agreement": {
            "n": 369,
            "mean": 0.9983740448951721,
            "std": 0.01798432134091854,
            "q25": 1.0,
            "q50": 1.0,
            "q75": 1.0
          },
          "uncertainty": {
            "n": 369,
            "mean": 0.7648180723190308,
            "std": 0.06169946491718292,
            "q25": 0.7259198427200317,
            "q50": 0.7659420371055603,
            "q75": 0.8068549036979675
          },
          "confidence": {
            "n": 369,
            "mean": 0.5493584275245667,
            "std": 0.06917684525251389,
            "q25": 0.5055441856384277,
            "q50": 0.5536285638809204,
            "q75": 0.5959901809692383
          },
          "effective_trust": {
            "n": 369,
            "mean": 0.8184910416603088,
            "std": 0.013546380214393139,
            "q25": 0.8109663724899292,
            "q50": 0.8196530938148499,
            "q75": 0.827278196811676
          }
        },
        "weak_benign": {
          "n": 903,
          "precision": 0.8139534592628479,
          "agreement": {
            "n": 903,
            "mean": 0.972369909286499,
            "std": 0.08147835731506348,
            "q25": 1.0,
            "q50": 1.0,
            "q75": 1.0
          },
          "uncertainty": {
            "n": 903,
            "mean": 0.6866408586502075,
            "std": 0.14458556473255157,
            "q25": 0.6082767248153687,
            "q50": 0.6827769875526428,
            "q75": 0.7967954874038696
          },
          "confidence": {
            "n": 903,
            "mean": 0.6144846081733704,
            "std": 0.12849710881710052,
            "q25": 0.5178807973861694,
            "q50": 0.6375247836112976,
            "q75": 0.7012478113174438
          },
          "effective_trust": {
            "n": 903,
            "mean": 0.4183092415332794,
            "std": 0.034212689846754074,
            "q25": 0.3974548280239105,
            "q50": 0.4230518639087677,
            "q75": 0.4384966492652893
          }
        }
      }
    },
    "weak_topology_ood": {
      "graph_file": "cdro_suite/batch2_rewrite_sw0_s3_v2/protocol_graphs/weak_topology_ood.pt",
      "covered_train_nodes": 1254,
      "buckets": {
        "weak_attack": {
          "n": 448,
          "precision": 0.9977678656578064,
          "agreement": {
            "n": 448,
            "mean": 0.9983630776405334,
            "std": 0.020612038671970367,
            "q25": 1.0,
            "q50": 1.0,
            "q75": 1.0
          },
          "uncertainty": {
            "n": 448,
            "mean": 0.761592447757721,
            "std": 0.060502927750349045,
            "q25": 0.7234488129615784,
            "q50": 0.761681079864502,
            "q75": 0.8009319305419922
          },
          "confidence": {
            "n": 448,
            "mean": 0.5532697439193726,
            "std": 0.06694203615188599,
            "q25": 0.5128536224365234,
            "q50": 0.5583390593528748,
            "q75": 0.5984766483306885
          },
          "effective_trust": {
            "n": 448,
            "mean": 0.8191978335380554,
            "std": 0.013713251799345016,
            "q25": 0.8123136758804321,
            "q50": 0.8205010294914246,
            "q75": 0.8277257680892944
          }
        },
        "weak_benign": {
          "n": 806,
          "precision": 0.8163771629333496,
          "agreement": {
            "n": 806,
            "mean": 0.9749379754066467,
            "std": 0.07946831732988358,
            "q25": 1.0,
            "q50": 1.0,
            "q75": 1.0
          },
          "uncertainty": {
            "n": 806,
            "mean": 0.6733987331390381,
            "std": 0.15179935097694397,
            "q25": 0.6012740135192871,
            "q50": 0.6804513931274414,
            "q75": 0.7807278037071228
          },
          "confidence": {
            "n": 806,
            "mean": 0.6260064244270325,
            "std": 0.12965771555900574,
            "q25": 0.5368719100952148,
            "q50": 0.6396576166152954,
            "q75": 0.7067937254905701
          },
          "effective_trust": {
            "n": 806,
            "mean": 0.4213087856769562,
            "std": 0.03503544628620148,
            "q25": 0.4015156328678131,
            "q50": 0.42354315519332886,
            "q75": 0.4399203360080719
          }
        }
      }
    },
    "weak_attack_strategy_ood": {
      "graph_file": "cdro_suite/batch2_rewrite_sw0_s3_v2/protocol_graphs/weak_attack_strategy_ood.pt",
      "covered_train_nodes": 1331,
      "buckets": {
        "weak_attack": {
          "n": 582,
          "precision": 0.9982817769050598,
          "agreement": {
            "n": 582,
            "mean": 0.999312698841095,
            "std": 0.01171411294490099,
            "q25": 1.0,
            "q50": 1.0,
            "q75": 1.0
          },
          "uncertainty": {
            "n": 582,
            "mean": 0.7612335681915283,
            "std": 0.06321212649345398,
            "q25": 0.7271379232406616,
            "q50": 0.7626360058784485,
            "q75": 0.8029201030731201
          },
          "confidence": {
            "n": 582,
            "mean": 0.5533393621444702,
            "std": 0.06870825588703156,
            "q25": 0.5104143619537354,
            "q50": 0.5572877526283264,
            "q75": 0.5947593450546265
          },
          "effective_trust": {
            "n": 582,
            "mean": 0.8194358944892883,
            "std": 0.012920933775603771,
            "q25": 0.8118745684623718,
            "q50": 0.8203117847442627,
            "q75": 0.8270566463470459
          }
        },
        "weak_benign": {
          "n": 749,
          "precision": 0.8785046935081482,
          "agreement": {
            "n": 749,
            "mean": 0.9801735281944275,
            "std": 0.0632040798664093,
            "q25": 1.0,
            "q50": 1.0,
            "q75": 1.0
          },
          "uncertainty": {
            "n": 749,
            "mean": 0.7007111310958862,
            "std": 0.11057731509208679,
            "q25": 0.6340325474739075,
            "q50": 0.6823044419288635,
            "q75": 0.785430908203125
          },
          "confidence": {
            "n": 749,
            "mean": 0.6065871119499207,
            "std": 0.11411910504102707,
            "q25": 0.531401515007019,
            "q50": 0.6379590034484863,
            "q75": 0.680231511592865
          },
          "effective_trust": {
            "n": 749,
            "mean": 0.41641664505004883,
            "std": 0.027635935693979263,
            "q25": 0.40017178654670715,
            "q50": 0.42315179109573364,
            "q75": 0.4332214593887329
          }
        }
      }
    },
    "label_prior_shift_ood": {
      "graph_file": "cdro_suite/batch2_rewrite_sw0_s3_v2/protocol_graphs/label_prior_shift_ood.pt",
      "covered_train_nodes": 1070,
      "buckets": {
        "weak_attack": {
          "n": 409,
          "precision": 0.995110034942627,
          "agreement": {
            "n": 409,
            "mean": 0.9985330700874329,
            "std": 0.017086844891309738,
            "q25": 1.0,
            "q50": 1.0,
            "q75": 1.0
          },
          "uncertainty": {
            "n": 409,
            "mean": 0.7660152912139893,