{
  "best_epoch": 1,
  "best_val_f1": 0.897902097902098,
  "best_threshold_raw": 0.6499999761581421,
  "best_threshold": 0.6499999761581421,
  "eval_temperature": 1.0,
  "temperature_scaling": {
    "enabled": false,
    "temperature": 1.0,
    "val_nll_raw": 0.0,
    "val_nll_calibrated": 0.0,
    "val_ece_raw": 0.0,
    "val_ece_calibrated": 0.0,
    "val_brier_raw": 0.0,
    "val_brier_calibrated": 0.0,
    "val_threshold_raw": 0.6499999761581421,
    "val_threshold_calibrated": 0.6499999761581421,
    "val_f1_raw": 0.897902097902098,
    "val_f1_calibrated": 0.897902097902098
  },
  "final_eval_raw": {
    "train": {
      "accuracy": 0.8280632411067194,
      "precision": 0.9752973467520586,
      "recall": 0.7934499441756606,
      "f1": 0.8750256515493537,
      "fpr": 0.06315789473684211,
      "ece": 0.2488313615322113,
      "brier": 0.1653531938791275,
      "tp": 2132,
      "fp": 54,
      "fn": 555,
      "tn": 801,
      "threshold": 0.6499999761581421,
      "temperature": 1.0
    },
    "val": {
      "accuracy": 0.8964539007092198,
      "precision": 0.9697885196374623,
      "recall": 0.8359375,
      "f1": 0.897902097902098,
      "fpr": 0.03115264797507788,
      "ece": 0.22172042727470398,
      "brier": 0.17264051735401154,
      "tp": 321,
      "fp": 10,
      "fn": 63,
      "tn": 311,
      "threshold": 0.6499999761581421,
      "temperature": 1.0
    },
    "test_random": {
      "accuracy": 0.8634259259259259,
      "precision": 0.9417637271214643,
      "recall": 0.7379400260756193,
      "f1": 0.827485380116959,
      "fpr": 0.036420395421436005,
      "ece": 0.21344128251075745,
      "brier": 0.195592001080513,
      "tp": 566,
      "fp": 35,
      "fn": 201,
      "tn": 926,
      "threshold": 0.6499999761581421,
      "temperature": 1.0
    },
    "test_temporal": {
      "accuracy": 0.8634259259259259,
      "precision": 0.9417637271214643,
      "recall": 0.7379400260756193,
      "f1": 0.827485380116959,
      "fpr": 0.036420395421436005,
      "ece": 0.21344128251075745,
      "brier": 0.195592001080513,
      "tp": 566,
      "fp": 35,
      "fn": 201,
      "tn": 926,
      "threshold": 0.6499999761581421,
      "temperature": 1.0
    }
  },
  "final_eval": {
    "train": {
      "accuracy": 0.8280632411067194,
      "precision": 0.9752973467520586,
      "recall": 0.7934499441756606,
      "f1": 0.8750256515493537,
      "fpr": 0.06315789473684211,
      "ece": 0.2488313615322113,
      "brier": 0.1653531938791275,
      "tp": 2132,
      "fp": 54,
      "fn": 555,
      "tn": 801,
      "threshold": 0.6499999761581421,
      "temperature": 1.0
    },
    "val": {
      "accuracy": 0.8964539007092198,
      "precision": 0.9697885196374623,
      "recall": 0.8359375,
      "f1": 0.897902097902098,
      "fpr": 0.03115264797507788,
      "ece": 0.22172042727470398,
      "brier": 0.17264051735401154,
      "tp": 321,
      "fp": 10,
      "fn": 63,
      "tn": 311,
      "threshold": 0.6499999761581421,
      "temperature": 1.0
    },
    "test_random": {
      "accuracy": 0.8634259259259259,
      "precision": 0.9417637271214643,
      "recall": 0.7379400260756193,
      "f1": 0.827485380116959,
      "fpr": 0.036420395421436005,
      "ece": 0.21344128251075745,
      "brier": 0.195592001080513,
      "tp": 566,
      "fp": 35,
      "fn": 201,
      "tn": 926,
      "threshold": 0.6499999761581421,
      "temperature": 1.0
    },
    "test_temporal": {
      "accuracy": 0.8634259259259259,
      "precision": 0.9417637271214643,
      "recall": 0.7379400260756193,
      "f1": 0.827485380116959,
      "fpr": 0.036420395421436005,
      "ece": 0.21344128251075745,
      "brier": 0.195592001080513,
      "tp": 566,
      "fp": 35,
      "fn": 201,
      "tn": 926,
      "threshold": 0.6499999761581421,
      "temperature": 1.0
    }
  },
  "group_names": {
    "0": "low_rho_low_uncertainty",
    "1": "low_rho_high_uncertainty",
    "2": "high_rho_low_uncertainty",
    "3": "high_rho_high_uncertainty"
  },
  "group_thresholds": {
    "uncertainty_mid": 0.7968408465385437,
    "rho_mid": 26.097820281982422
  },
  "prior_stats": {
    "source_prior": [],
    "target_prior": []
  },
  "history": {
    "train_loss": [
      0.7154697179794312,
      0.6370223760604858,
      0.5892273187637329,
      0.5886532068252563,
      0.5817689895629883
    ],
    "val_f1": [
      0.897902097902098,
      0.8723958333333334,
      0.851063829787234,
      0.8444444444444446,
      0.8471177944862155
    ],
    "val_ece": [
      0.22172042727470398,
      0.10600750148296356,
      0.09559501707553864,
      0.10962677747011185,
      0.12631537020206451
    ],
    "val_threshold": [
      0.6499999761581421,
      0.3999999761581421,
      0.19999998807907104,
      0.19999998807907104,
      0.29999998211860657
    ],
    "base_loss": [
      0.7056288123130798,
      0.6164163947105408,
      0.5532370805740356,
      0.540533185005188,
      0.5346360206604004
    ],
    "dro_loss": [
      0.7253105640411377,
      0.6576284170150757,
      0.6252174973487854,
      0.6367732286453247,
      0.6289019584655762
    ]
  },
  "runtime_sec": 0.5921595096588135,
  "config": {
    "graph_file": "/home/user/FedSTGCN/cdro_suite/main_baselineplus_s3_v1/protocol_graphs/label_prior_shift_ood.pt",
    "method": "cdro_fixed",
    "hidden_dim": 64,
    "heads": 4,
    "dropout": 0.3,
    "lr": 0.005,
    "weight_decay": 0.0005,
    "epochs": 10,
    "patience": 4,
    "lambda_dro": 0.5,
    "ug_temperature": 0.35,
    "ug_priority_loss_scale": 1.0,
    "ug_uncertainty_scale": 0.2,
    "ug_disagreement_scale": 0.1,
    "ug_sample_weight_scale": 0.0,
    "posthoc_temperature_scaling": false,
    "temp_scale_min": 0.5,
    "temp_scale_max": 5.0,
    "temp_scale_steps": 31,
    "seed": 11,
    "force_cpu": true,
    "physics_context": false,
    "capacity": 120000.0,
    "train_supervised_nodes": 1407,
    "target_meta": {
      "covered_train_nodes": 1407,
      "pseudo_attack_nodes": 0,
      "pseudo_benign_nodes": 0,
      "effective_train_nodes": 1407
    }
  }
}