{
  "best_epoch": 2,
  "best_val_f1": 0.8835705045278136,
  "best_threshold_raw": 0.19999998807907104,
  "best_threshold": 0.19999998807907104,
  "eval_temperature": 1.0,
  "temperature_scaling": {
    "enabled": false,
    "temperature": 1.0,
    "val_nll_raw": 0.0,
    "val_nll_calibrated": 0.0,
    "val_ece_raw": 0.0,
    "val_ece_calibrated": 0.0,
    "val_brier_raw": 0.0,
    "val_brier_calibrated": 0.0,
    "val_threshold_raw": 0.19999998807907104,
    "val_threshold_calibrated": 0.19999998807907104,
    "val_f1_raw": 0.8835705045278136,
    "val_f1_calibrated": 0.8835705045278136
  },
  "final_eval_raw": {
    "train": {
      "accuracy": 0.8401517204009753,
      "precision": 0.8714695047073271,
      "recall": 0.8852390852390852,
      "f1": 0.8783003300330032,
      "fpr": 0.24416796267496113,
      "ece": 0.15982139110565186,
      "brier": 0.14824050664901733,
      "tp": 2129,
      "fp": 314,
      "fn": 276,
      "tn": 972,
      "threshold": 0.19999998807907104,
      "temperature": 1.0
    },
    "val": {
      "accuracy": 0.8483572030328559,
      "precision": 0.879021879021879,
      "recall": 0.8881664499349805,
      "f1": 0.8835705045278136,
      "fpr": 0.22488038277511962,
      "ece": 0.15571092069149017,
      "brier": 0.13818992674350739,
      "tp": 683,
      "fp": 94,
      "fn": 86,
      "tn": 324,
      "threshold": 0.19999998807907104,
      "temperature": 1.0
    },
    "test_random": {
      "accuracy": 0.8596171376481313,
      "precision": 0.8642857142857143,
      "recall": 0.911144578313253,
      "f1": 0.8870967741935484,
      "fpr": 0.21939953810623555,
      "ece": 0.11701193451881409,
      "brier": 0.11260382831096649,
      "tp": 605,
      "fp": 95,
      "fn": 59,
      "tn": 338,
      "threshold": 0.19999998807907104,
      "temperature": 1.0
    },
    "test_temporal": {
      "accuracy": 0.8596171376481313,
      "precision": 0.8642857142857143,
      "recall": 0.911144578313253,
      "f1": 0.8870967741935484,
      "fpr": 0.21939953810623555,
      "ece": 0.11701193451881409,
      "brier": 0.11260382831096649,
      "tp": 605,
      "fp": 95,
      "fn": 59,
      "tn": 338,
      "threshold": 0.19999998807907104,
      "temperature": 1.0
    }
  },
  "final_eval": {
    "train": {
      "accuracy": 0.8401517204009753,
      "precision": 0.8714695047073271,
      "recall": 0.8852390852390852,
      "f1": 0.8783003300330032,
      "fpr": 0.24416796267496113,
      "ece": 0.15982139110565186,
      "brier": 0.14824050664901733,
      "tp": 2129,
      "fp": 314,
      "fn": 276,
      "tn": 972,
      "threshold": 0.19999998807907104,
      "temperature": 1.0
    },
    "val": {
      "accuracy": 0.8483572030328559,
      "precision": 0.879021879021879,
      "recall": 0.8881664499349805,
      "f1": 0.8835705045278136,
      "fpr": 0.22488038277511962,
      "ece": 0.15571092069149017,
      "brier": 0.13818992674350739,
      "tp": 683,
      "fp": 94,
      "fn": 86,
      "tn": 324,
      "threshold": 0.19999998807907104,
      "temperature": 1.0
    },
    "test_random": {
      "accuracy": 0.8596171376481313,
      "precision": 0.8642857142857143,
      "recall": 0.911144578313253,
      "f1": 0.8870967741935484,
      "fpr": 0.21939953810623555,
      "ece": 0.11701193451881409,
      "brier": 0.11260382831096649,
      "tp": 605,
      "fp": 95,
      "fn": 59,
      "tn": 338,
      "threshold": 0.19999998807907104,
      "temperature": 1.0
    },
    "test_temporal": {
      "accuracy": 0.8596171376481313,
      "precision": 0.8642857142857143,
      "recall": 0.911144578313253,
      "f1": 0.8870967741935484,
      "fpr": 0.21939953810623555,
      "ece": 0.11701193451881409,
      "brier": 0.11260382831096649,
      "tp": 605,
      "fp": 95,
      "fn": 59,
      "tn": 338,
      "threshold": 0.19999998807907104,
      "temperature": 1.0
    }
  },
  "group_names": {
    "0": "low_rho_low_uncertainty",
    "1": "low_rho_high_uncertainty",
    "2": "high_rho_low_uncertainty",
    "3": "high_rho_high_uncertainty"
  },
  "group_thresholds": {
    "uncertainty_mid": 0.8068378567695618,
    "rho_mid": 24.517658233642578
  },
  "prior_stats": {
    "source_prior": [],
    "target_prior": []
  },
  "history": {
    "train_loss": [
      0.6951860189437866,
      0.5856749415397644,
      0.5531198978424072,
      0.5479691624641418,
      0.539870023727417,
      0.538678765296936,
      0.5367060303688049,
      0.5336835980415344,
      0.534729540348053,
      0.5335128307342529
    ],
    "val_f1": [
      0.8793565683646113,
      0.8835705045278136,
      0.8644918444165622,
      0.8405797101449275,
      0.8125399872040947,
      0.8276299112801013
    ],
    "val_ece": [
      0.2078680694103241,
      0.15571092069149017,
      0.10522912442684174,
      0.11842457205057144,
      0.11562380194664001,
      0.1547650545835495
    ],
    "val_threshold": [
      0.3999999761581421,
      0.19999998807907104,
      0.19999998807907104,
      0.29999998211860657,
      0.3499999940395355,
      0.29999998211860657
    ],
    "base_loss": [
      0.6951860189437866,
      0.5856749415397644,
      0.5531198978424072,
      0.5479691624641418,
      0.539870023727417,
      0.538678765296936,
      0.5367060303688049,
      0.5336835980415344,
      0.534729540348053,
      0.5335128307342529
    ],
    "dro_loss": [
      0.0,
      0.0,
      0.0,
      0.0,
      0.0,
      0.0,
      0.0,
      0.0,
      0.0,
      0.0
    ]
  },
  "runtime_sec": 0.9332220554351807,
  "config": {
    "graph_file": "/home/user/FedSTGCN/cdro_suite/main_baselineplus_s3_v1/protocol_graphs/weak_topology_ood.pt",
    "method": "posterior_ce",
    "hidden_dim": 64,
    "heads": 4,
    "dropout": 0.3,
    "lr": 0.005,
    "weight_decay": 0.0005,
    "epochs": 10,
    "patience": 4,
    "lambda_dro": 0.5,
    "ug_temperature": 0.35,
    "ug_priority_loss_scale": 1.0,
    "ug_uncertainty_scale": 0.2,
    "ug_disagreement_scale": 0.1,
    "ug_sample_weight_scale": 0.0,
    "posthoc_temperature_scaling": false,
    "temp_scale_min": 0.5,
    "temp_scale_max": 5.0,
    "temp_scale_steps": 31,
    "seed": 11,
    "force_cpu": true,
    "physics_context": false,
    "capacity": 120000.0,
    "train_supervised_nodes": 1513,
    "target_meta": {
      "covered_train_nodes": 1513,
      "pseudo_attack_nodes": 0,
      "pseudo_benign_nodes": 0,
      "effective_train_nodes": 1513
    }
  }
}