{
  "best_epoch": 2,
  "best_val_f1": 0.9158878504672898,
  "best_threshold_raw": 0.09999999403953552,
  "best_threshold": 0.09999999403953552,
  "eval_temperature": 1.0,
  "temperature_scaling": {
    "enabled": false,
    "temperature": 1.0,
    "val_nll_raw": 0.0,
    "val_nll_calibrated": 0.0,
    "val_ece_raw": 0.0,
    "val_ece_calibrated": 0.0,
    "val_brier_raw": 0.0,
    "val_brier_calibrated": 0.0,
    "val_threshold_raw": 0.09999999403953552,
    "val_threshold_calibrated": 0.09999999403953552,
    "val_f1_raw": 0.9158878504672898,
    "val_f1_calibrated": 0.9158878504672898
  },
  "final_eval_raw": {
    "train": {
      "accuracy": 0.9299820466786356,
      "precision": 0.9351767905711695,
      "recall": 0.9754137115839243,
      "f1": 0.9548715575098357,
      "fpr": 0.21343283582089553,
      "ece": 0.25766390562057495,
      "brier": 0.1773221790790558,
      "tp": 2063,
      "fp": 143,
      "fn": 52,
      "tn": 527,
      "threshold": 0.09999999403953552,
      "temperature": 1.0
    },
    "val": {
      "accuracy": 0.9023508137432188,
      "precision": 0.8647058823529412,
      "recall": 0.9735099337748344,
      "f1": 0.9158878504672898,
      "fpr": 0.18326693227091634,
      "ece": 0.16225193440914154,
      "brier": 0.1154865026473999,
      "tp": 294,
      "fp": 46,
      "fn": 8,
      "tn": 205,
      "threshold": 0.09999999403953552,
      "temperature": 1.0
    },
    "test_random": {
      "accuracy": 0.8359087564385578,
      "precision": 0.73875,
      "recall": 0.9768595041322314,
      "f1": 0.8412811387900356,
      "fpr": 0.27718832891246686,
      "ece": 0.12085476517677307,
      "brier": 0.10824551433324814,
      "tp": 591,
      "fp": 209,
      "fn": 14,
      "tn": 545,
      "threshold": 0.09999999403953552,
      "temperature": 1.0
    },
    "test_temporal": {
      "accuracy": 0.8359087564385578,
      "precision": 0.73875,
      "recall": 0.9768595041322314,
      "f1": 0.8412811387900356,
      "fpr": 0.27718832891246686,
      "ece": 0.12085476517677307,
      "brier": 0.10824551433324814,
      "tp": 591,
      "fp": 209,
      "fn": 14,
      "tn": 545,
      "threshold": 0.09999999403953552,
      "temperature": 1.0
    }
  },
  "final_eval": {
    "train": {
      "accuracy": 0.9299820466786356,
      "precision": 0.9351767905711695,
      "recall": 0.9754137115839243,
      "f1": 0.9548715575098357,
      "fpr": 0.21343283582089553,
      "ece": 0.25766390562057495,
      "brier": 0.1773221790790558,
      "tp": 2063,
      "fp": 143,
      "fn": 52,
      "tn": 527,
      "threshold": 0.09999999403953552,
      "temperature": 1.0
    },
    "val": {
      "accuracy": 0.9023508137432188,
      "precision": 0.8647058823529412,
      "recall": 0.9735099337748344,
      "f1": 0.9158878504672898,
      "fpr": 0.18326693227091634,
      "ece": 0.16225193440914154,
      "brier": 0.1154865026473999,
      "tp": 294,
      "fp": 46,
      "fn": 8,
      "tn": 205,
      "threshold": 0.09999999403953552,
      "temperature": 1.0
    },
    "test_random": {
      "accuracy": 0.8359087564385578,
      "precision": 0.73875,
      "recall": 0.9768595041322314,
      "f1": 0.8412811387900356,
      "fpr": 0.27718832891246686,
      "ece": 0.12085476517677307,
      "brier": 0.10824551433324814,
      "tp": 591,
      "fp": 209,
      "fn": 14,
      "tn": 545,
      "threshold": 0.09999999403953552,
      "temperature": 1.0
    },
    "test_temporal": {
      "accuracy": 0.8359087564385578,
      "precision": 0.73875,
      "recall": 0.9768595041322314,
      "f1": 0.8412811387900356,
      "fpr": 0.27718832891246686,
      "ece": 0.12085476517677307,
      "brier": 0.10824551433324814,
      "tp": 591,
      "fp": 209,
      "fn": 14,
      "tn": 545,
      "threshold": 0.09999999403953552,
      "temperature": 1.0
    }
  },
  "group_names": {
    "0": "low_rho_low_uncertainty",
    "1": "low_rho_high_uncertainty",
    "2": "high_rho_low_uncertainty",
    "3": "high_rho_high_uncertainty"
  },
  "group_thresholds": {
    "uncertainty_mid": 0.7346910238265991,
    "rho_mid": 27.279558181762695
  },
  "prior_stats": {
    "source_prior": [
      0.5621888637542725,
      0.4378112256526947
    ],
    "target_prior": [
      0.49468421936035156,
      0.5053157806396484
    ]
  },
  "history": {
    "train_loss": [
      0.7005108594894409,
      0.5293786525726318,
      0.4181119203567505,
      0.38144323229789734,
      0.36153149604797363,
      0.3470726013183594,
      0.34306228160858154,
      0.34639501571655273,
      0.3402276039123535,
      0.34067100286483765
    ],
    "val_f1": [
      0.8903878583473862,
      0.9158878504672898,
      0.9039735099337748,
      0.8985024958402662,
      0.8885191347753745,
      0.8461538461538461
    ],
    "val_ece": [
      0.20914500951766968,
      0.16225193440914154,
      0.11936977505683899,
      0.09565621614456177,
      0.07748065888881683,
      0.070236936211586
    ],
    "val_threshold": [
      0.3999999761581421,
      0.09999999403953552,
      0.09999999403953552,
      0.09999999403953552,
      0.09999999403953552,
      0.19999998807907104
    ],
    "base_loss": [
      0.6965804100036621,
      0.5277836322784424,
      0.4134232997894287,
      0.37450259923934937,
      0.35286495089530945,
      0.3389640748500824,
      0.3352345824241638,
      0.3381105959415436,
      0.33266910910606384,
      0.3325200378894806
    ],
    "dro_loss": [
      0.704441249370575,
      0.5309736132621765,
      0.4228005111217499,
      0.3883838653564453,
      0.37019801139831543,
      0.35518115758895874,
      0.3508899509906769,
      0.3546794056892395,
      0.3477860987186432,
      0.3488219976425171
    ]
  },
  "runtime_sec": 0.690288782119751,
  "config": {
    "graph_file": "/home/user/FedSTGCN/cdro_suite/batch2_baselineplus_s3_v1/protocol_graphs/label_prior_shift_ood.pt",
    "method": "cdro_ug_priorcorr",
    "hidden_dim": 64,
    "heads": 4,
    "dropout": 0.3,
    "lr": 0.005,
    "weight_decay": 0.0005,
    "epochs": 10,
    "patience": 4,
    "lambda_dro": 0.5,
    "ug_temperature": 0.35,
    "ug_priority_loss_scale": 1.0,
    "ug_uncertainty_scale": 0.2,
    "ug_disagreement_scale": 0.1,
    "ug_sample_weight_scale": 0.0,
    "posthoc_temperature_scaling": false,
    "temp_scale_min": 0.5,
    "temp_scale_max": 5.0,
    "temp_scale_steps": 31,
    "seed": 11,
    "force_cpu": true,
    "physics_context": false,
    "capacity": 120000.0,
    "train_supervised_nodes": 1070,
    "target_meta": {
      "covered_train_nodes": 1070,
      "pseudo_attack_nodes": 0,
      "pseudo_benign_nodes": 0,
      "effective_train_nodes": 1070
    }
  }
}