{
  "best_epoch": 1,
  "best_val_f1": 0.9025177533892834,
  "best_threshold_raw": 0.3999999761581421,
  "best_threshold": 0.3999999761581421,
  "eval_temperature": 1.0,
  "temperature_scaling": {
    "enabled": false,
    "temperature": 1.0,
    "val_nll_raw": 0.0,
    "val_nll_calibrated": 0.0,
    "val_ece_raw": 0.0,
    "val_ece_calibrated": 0.0,
    "val_brier_raw": 0.0,
    "val_brier_calibrated": 0.0,
    "val_threshold_raw": 0.3999999761581421,
    "val_threshold_calibrated": 0.3999999761581421,
    "val_f1_raw": 0.9025177533892834,
    "val_f1_calibrated": 0.9025177533892834
  },
  "final_eval_raw": {
    "train": {
      "accuracy": 0.8691411541587646,
      "precision": 0.8961253091508656,
      "recall": 0.903950103950104,
      "f1": 0.900020699648106,
      "fpr": 0.19595645412130638,
      "ece": 0.21874834597110748,
      "brier": 0.15502139925956726,
      "tp": 2174,
      "fp": 252,
      "fn": 231,
      "tn": 1034,
      "threshold": 0.3999999761581421,
      "temperature": 1.0
    },
    "val": {
      "accuracy": 0.8727885425442291,
      "precision": 0.8961538461538462,
      "recall": 0.9089726918075423,
      "f1": 0.9025177533892834,
      "fpr": 0.1937799043062201,
      "ece": 0.22289322316646576,
      "brier": 0.1511799693107605,
      "tp": 699,
      "fp": 81,
      "fn": 70,
      "tn": 337,
      "threshold": 0.3999999761581421,
      "temperature": 1.0
    },
    "test_random": {
      "accuracy": 0.8742023701002735,
      "precision": 0.8822674418604651,
      "recall": 0.9141566265060241,
      "f1": 0.8979289940828402,
      "fpr": 0.18706697459584296,
      "ece": 0.21355003118515015,
      "brier": 0.14175637066364288,
      "tp": 607,
      "fp": 81,
      "fn": 57,
      "tn": 352,
      "threshold": 0.3999999761581421,
      "temperature": 1.0
    },
    "test_temporal": {
      "accuracy": 0.8742023701002735,
      "precision": 0.8822674418604651,
      "recall": 0.9141566265060241,
      "f1": 0.8979289940828402,
      "fpr": 0.18706697459584296,
      "ece": 0.21355003118515015,
      "brier": 0.14175637066364288,
      "tp": 607,
      "fp": 81,
      "fn": 57,
      "tn": 352,
      "threshold": 0.3999999761581421,
      "temperature": 1.0
    }
  },
  "final_eval": {
    "train": {
      "accuracy": 0.8691411541587646,
      "precision": 0.8961253091508656,
      "recall": 0.903950103950104,
      "f1": 0.900020699648106,
      "fpr": 0.19595645412130638,
      "ece": 0.21874834597110748,
      "brier": 0.15502139925956726,
      "tp": 2174,
      "fp": 252,
      "fn": 231,
      "tn": 1034,
      "threshold": 0.3999999761581421,
      "temperature": 1.0
    },
    "val": {
      "accuracy": 0.8727885425442291,
      "precision": 0.8961538461538462,
      "recall": 0.9089726918075423,
      "f1": 0.9025177533892834,
      "fpr": 0.1937799043062201,
      "ece": 0.22289322316646576,
      "brier": 0.1511799693107605,
      "tp": 699,
      "fp": 81,
      "fn": 70,
      "tn": 337,
      "threshold": 0.3999999761581421,
      "temperature": 1.0
    },
    "test_random": {
      "accuracy": 0.8742023701002735,
      "precision": 0.8822674418604651,
      "recall": 0.9141566265060241,
      "f1": 0.8979289940828402,
      "fpr": 0.18706697459584296,
      "ece": 0.21355003118515015,
      "brier": 0.14175637066364288,
      "tp": 607,
      "fp": 81,
      "fn": 57,
      "tn": 352,
      "threshold": 0.3999999761581421,
      "temperature": 1.0
    },
    "test_temporal": {
      "accuracy": 0.8742023701002735,
      "precision": 0.8822674418604651,
      "recall": 0.9141566265060241,
      "f1": 0.8979289940828402,
      "fpr": 0.18706697459584296,
      "ece": 0.21355003118515015,
      "brier": 0.14175637066364288,
      "tp": 607,
      "fp": 81,
      "fn": 57,
      "tn": 352,
      "threshold": 0.3999999761581421,
      "temperature": 1.0
    }
  },
  "group_names": {
    "0": "low_rho_low_uncertainty",
    "1": "low_rho_high_uncertainty",
    "2": "high_rho_low_uncertainty",
    "3": "high_rho_high_uncertainty"
  },
  "group_thresholds": {
    "uncertainty_mid": 0.8068378567695618,
    "rho_mid": 24.517658233642578
  },
  "prior_stats": {
    "source_prior": [],
    "target_prior": []
  },
  "history": {
    "train_loss": [
      0.7270320653915405,
      0.6027282476425171,
      0.5522024035453796,
      0.5450180768966675,
      0.5442938804626465
    ],
    "val_f1": [
      0.9025177533892834,
      0.8903061224489796,
      0.8455832771409306,
      0.8416723783413297,
      0.8507765023632681
    ],
    "val_ece": [
      0.22289322316646576,
      0.11867137253284454,
      0.19540172815322876,
      0.20456406474113464,
      0.1798095405101776
    ],
    "val_threshold": [
      0.3999999761581421,
      0.2499999850988388,
      0.19999998807907104,
      0.2499999850988388,
      0.29999998211860657
    ],
    "base_loss": [
      0.7270320653915405,
      0.6027282476425171,
      0.5522024035453796,
      0.5450180768966675,
      0.5442938804626465
    ],
    "dro_loss": [
      0.0,
      0.0,
      0.0,
      0.0,
      0.0
    ]
  },
  "runtime_sec": 0.570850133895874,
  "config": {
    "graph_file": "/home/user/FedSTGCN/cdro_suite/main_baselineplus_s3_v1/protocol_graphs/weak_topology_ood.pt",
    "method": "posterior_ce",
    "hidden_dim": 64,
    "heads": 4,
    "dropout": 0.3,
    "lr": 0.005,
    "weight_decay": 0.0005,
    "epochs": 10,
    "patience": 4,
    "lambda_dro": 0.5,
    "ug_temperature": 0.35,
    "ug_priority_loss_scale": 1.0,
    "ug_uncertainty_scale": 0.2,
    "ug_disagreement_scale": 0.1,
    "ug_sample_weight_scale": 0.0,
    "posthoc_temperature_scaling": false,
    "temp_scale_min": 0.5,
    "temp_scale_max": 5.0,
    "temp_scale_steps": 31,
    "seed": 22,
    "force_cpu": true,
    "physics_context": false,
    "capacity": 120000.0,
    "train_supervised_nodes": 1513,
    "target_meta": {
      "covered_train_nodes": 1513,
      "pseudo_attack_nodes": 0,
      "pseudo_benign_nodes": 0,
      "effective_train_nodes": 1513
    }
  }
}