{
  "best_epoch": 1,
  "best_val_f1": 0.9184925503943908,
  "best_threshold_raw": 0.3999999761581421,
  "best_threshold": 0.3999999761581421,
  "eval_temperature": 1.0,
  "temperature_scaling": {
    "enabled": false,
    "temperature": 1.0,
    "val_nll_raw": 0.0,
    "val_nll_calibrated": 0.0,
    "val_ece_raw": 0.0,
    "val_ece_calibrated": 0.0,
    "val_brier_raw": 0.0,
    "val_brier_calibrated": 0.0,
    "val_threshold_raw": 0.3999999761581421,
    "val_threshold_calibrated": 0.3999999761581421,
    "val_f1_raw": 0.9184925503943908,
    "val_f1_calibrated": 0.9184925503943908
  },
  "final_eval_raw": {
    "train": {
      "accuracy": 0.8967604129583482,
      "precision": 0.9316286826014453,
      "recall": 0.909386869234943,
      "f1": 0.9203734211971445,
      "fpr": 0.12732919254658384,
      "ece": 0.2580201327800751,
      "brier": 0.1531057357788086,
      "tp": 1676,
      "fp": 123,
      "fn": 167,
      "tn": 843,
      "threshold": 0.3999999761581421,
      "temperature": 1.0
    },
    "val": {
      "accuracy": 0.9010638297872341,
      "precision": 0.9307282415630551,
      "recall": 0.9065743944636678,
      "f1": 0.9184925503943908,
      "fpr": 0.10773480662983426,
      "ece": 0.2613891065120697,
      "brier": 0.15171578526496887,
      "tp": 524,
      "fp": 39,
      "fn": 54,
      "tn": 323,
      "threshold": 0.3999999761581421,
      "temperature": 1.0
    },
    "test_random": {
      "accuracy": 0.8502109704641351,
      "precision": 0.9061946902654867,
      "recall": 0.8519134775374376,
      "f1": 0.8782161234991424,
      "fpr": 0.15273775216138327,
      "ece": 0.2197396457195282,
      "brier": 0.16883747279644012,
      "tp": 512,
      "fp": 53,
      "fn": 89,
      "tn": 294,
      "threshold": 0.3999999761581421,
      "temperature": 1.0
    },
    "test_temporal": {
      "accuracy": 0.8502109704641351,
      "precision": 0.9061946902654867,
      "recall": 0.8519134775374376,
      "f1": 0.8782161234991424,
      "fpr": 0.15273775216138327,
      "ece": 0.2197396457195282,
      "brier": 0.16883747279644012,
      "tp": 512,
      "fp": 53,
      "fn": 89,
      "tn": 294,
      "threshold": 0.3999999761581421,
      "temperature": 1.0
    }
  },
  "final_eval": {
    "train": {
      "accuracy": 0.8967604129583482,
      "precision": 0.9316286826014453,
      "recall": 0.909386869234943,
      "f1": 0.9203734211971445,
      "fpr": 0.12732919254658384,
      "ece": 0.2580201327800751,
      "brier": 0.1531057357788086,
      "tp": 1676,
      "fp": 123,
      "fn": 167,
      "tn": 843,
      "threshold": 0.3999999761581421,
      "temperature": 1.0
    },
    "val": {
      "accuracy": 0.9010638297872341,
      "precision": 0.9307282415630551,
      "recall": 0.9065743944636678,
      "f1": 0.9184925503943908,
      "fpr": 0.10773480662983426,
      "ece": 0.2613891065120697,
      "brier": 0.15171578526496887,
      "tp": 524,
      "fp": 39,
      "fn": 54,
      "tn": 323,
      "threshold": 0.3999999761581421,
      "temperature": 1.0
    },
    "test_random": {
      "accuracy": 0.8502109704641351,
      "precision": 0.9061946902654867,
      "recall": 0.8519134775374376,
      "f1": 0.8782161234991424,
      "fpr": 0.15273775216138327,
      "ece": 0.2197396457195282,
      "brier": 0.16883747279644012,
      "tp": 512,
      "fp": 53,
      "fn": 89,
      "tn": 294,
      "threshold": 0.3999999761581421,
      "temperature": 1.0
    },
    "test_temporal": {
      "accuracy": 0.8502109704641351,
      "precision": 0.9061946902654867,
      "recall": 0.8519134775374376,
      "f1": 0.8782161234991424,
      "fpr": 0.15273775216138327,
      "ece": 0.2197396457195282,
      "brier": 0.16883747279644012,
      "tp": 512,
      "fp": 53,
      "fn": 89,
      "tn": 294,
      "threshold": 0.3999999761581421,
      "temperature": 1.0
    }
  },
  "group_names": {
    "0": "low_rho_low_uncertainty",
    "1": "low_rho_high_uncertainty",
    "2": "high_rho_low_uncertainty",
    "3": "high_rho_high_uncertainty"
  },
  "group_thresholds": {
    "uncertainty_mid": 0.7086440324783325,
    "rho_mid": 29.54306411743164
  },
  "prior_stats": {
    "source_prior": [],
    "target_prior": []
  },
  "history": {
    "train_loss": [
      0.7476476430892944,
      0.6024150252342224,
      0.5358583927154541,
      0.5211902260780334,
      0.5257192850112915
    ],
    "val_f1": [
      0.9184925503943908,
      0.9155787641427328,
      0.9056924384027188,
      0.8610855565777369,
      0.8602739726027397
    ],
    "val_ece": [
      0.2613891065120697,
      0.12317586690187454,
      0.15874168276786804,
      0.1879655122756958,
      0.19127221405506134
    ],
    "val_threshold": [
      0.3999999761581421,
      0.2499999850988388,
      0.14999999105930328,
      0.14999999105930328,
      0.14999999105930328
    ],
    "base_loss": [
      0.7476476430892944,
      0.6024150252342224,
      0.5358583927154541,
      0.5211902260780334,
      0.5257192850112915
    ],
    "dro_loss": [
      0.0,
      0.0,
      0.0,
      0.0,
      0.0
    ]
  },
  "runtime_sec": 0.4569880962371826,
  "config": {
    "graph_file": "/home/user/FedSTGCN/cdro_suite/batch2_baselineplus_s3_v1/protocol_graphs/weak_topology_ood.pt",
    "method": "posterior_ce",
    "hidden_dim": 64,
    "heads": 4,
    "dropout": 0.3,
    "lr": 0.005,
    "weight_decay": 0.0005,
    "epochs": 10,
    "patience": 4,
    "lambda_dro": 0.5,
    "ug_temperature": 0.35,
    "ug_priority_loss_scale": 1.0,
    "ug_uncertainty_scale": 0.2,
    "ug_disagreement_scale": 0.1,
    "ug_sample_weight_scale": 0.0,
    "posthoc_temperature_scaling": false,
    "temp_scale_min": 0.5,
    "temp_scale_max": 5.0,
    "temp_scale_steps": 31,
    "seed": 22,
    "force_cpu": true,
    "physics_context": false,
    "capacity": 120000.0,
    "train_supervised_nodes": 1254,
    "target_meta": {
      "covered_train_nodes": 1254,
      "pseudo_attack_nodes": 0,
      "pseudo_benign_nodes": 0,
      "effective_train_nodes": 1254
    }
  }
}