{
  "best_epoch": 2,
  "best_val_f1": 0.9075000000000001,
  "best_threshold_raw": 0.09999999403953552,
  "best_threshold": 0.09999999403953552,
  "eval_temperature": 1.0,
  "temperature_scaling": {
    "enabled": false,
    "temperature": 1.0,
    "val_nll_raw": 0.0,
    "val_nll_calibrated": 0.0,
    "val_ece_raw": 0.0,
    "val_ece_calibrated": 0.0,
    "val_brier_raw": 0.0,
    "val_brier_calibrated": 0.0,
    "val_threshold_raw": 0.09999999403953552,
    "val_threshold_calibrated": 0.09999999403953552,
    "val_f1_raw": 0.9075000000000001,
    "val_f1_calibrated": 0.9075000000000001
  },
  "final_eval_raw": {
    "train": {
      "accuracy": 0.9162576687116565,
      "precision": 0.9177346010748243,
      "recall": 0.967741935483871,
      "f1": 0.9420751113940165,
      "fpr": 0.20600414078674947,
      "ece": 0.1947476714849472,
      "brier": 0.1373893767595291,
      "tp": 2220,
      "fp": 199,
      "fn": 74,
      "tn": 767,
      "threshold": 0.09999999403953552,
      "temperature": 1.0
    },
    "val": {
      "accuracy": 0.8979310344827586,
      "precision": 0.8306636155606407,
      "recall": 1.0,
      "f1": 0.9075000000000001,
      "fpr": 0.20441988950276244,
      "ece": 0.27310872077941895,
      "brier": 0.20415814220905304,
      "tp": 363,
      "fp": 74,
      "fn": 0,
      "tn": 288,
      "threshold": 0.09999999403953552,
      "temperature": 1.0
    },
    "test_random": {
      "accuracy": 0.8946629213483146,
      "precision": 0.8295454545454546,
      "recall": 1.0,
      "f1": 0.906832298136646,
      "fpr": 0.21613832853025935,
      "ece": 0.10722523927688599,
      "brier": 0.06850052624940872,
      "tp": 365,
      "fp": 75,
      "fn": 0,
      "tn": 272,
      "threshold": 0.09999999403953552,
      "temperature": 1.0
    },
    "test_temporal": {
      "accuracy": 0.8946629213483146,
      "precision": 0.8295454545454546,
      "recall": 1.0,
      "f1": 0.906832298136646,
      "fpr": 0.21613832853025935,
      "ece": 0.10722523927688599,
      "brier": 0.06850052624940872,
      "tp": 365,
      "fp": 75,
      "fn": 0,
      "tn": 272,
      "threshold": 0.09999999403953552,
      "temperature": 1.0
    }
  },
  "final_eval": {
    "train": {
      "accuracy": 0.9162576687116565,
      "precision": 0.9177346010748243,
      "recall": 0.967741935483871,
      "f1": 0.9420751113940165,
      "fpr": 0.20600414078674947,
      "ece": 0.1947476714849472,
      "brier": 0.1373893767595291,
      "tp": 2220,
      "fp": 199,
      "fn": 74,
      "tn": 767,
      "threshold": 0.09999999403953552,
      "temperature": 1.0
    },
    "val": {
      "accuracy": 0.8979310344827586,
      "precision": 0.8306636155606407,
      "recall": 1.0,
      "f1": 0.9075000000000001,
      "fpr": 0.20441988950276244,
      "ece": 0.27310872077941895,
      "brier": 0.20415814220905304,
      "tp": 363,
      "fp": 74,
      "fn": 0,
      "tn": 288,
      "threshold": 0.09999999403953552,
      "temperature": 1.0
    },
    "test_random": {
      "accuracy": 0.8946629213483146,
      "precision": 0.8295454545454546,
      "recall": 1.0,
      "f1": 0.906832298136646,
      "fpr": 0.21613832853025935,
      "ece": 0.10722523927688599,
      "brier": 0.06850052624940872,
      "tp": 365,
      "fp": 75,
      "fn": 0,
      "tn": 272,
      "threshold": 0.09999999403953552,
      "temperature": 1.0
    },
    "test_temporal": {
      "accuracy": 0.8946629213483146,
      "precision": 0.8295454545454546,
      "recall": 1.0,
      "f1": 0.906832298136646,
      "fpr": 0.21613832853025935,
      "ece": 0.10722523927688599,
      "brier": 0.06850052624940872,
      "tp": 365,
      "fp": 75,
      "fn": 0,
      "tn": 272,
      "threshold": 0.09999999403953552,
      "temperature": 1.0
    }
  },
  "group_names": {
    "0": "low_rho_low_uncertainty",
    "1": "low_rho_high_uncertainty",
    "2": "high_rho_low_uncertainty",
    "3": "high_rho_high_uncertainty"
  },
  "group_thresholds": {
    "uncertainty_mid": 0.7323845028877258,
    "rho_mid": 29.848581314086914
  },
  "prior_stats": {
    "source_prior": [],
    "target_prior": []
  },
  "history": {
    "train_loss": [
      0.7959429025650024,
      0.5076490640640259,
      0.2744006812572479,
      0.15523360669612885,
      0.09748110175132751,
      0.07413385808467865,
      0.06048494577407837,
      0.059239767491817474,
      0.0559871569275856,
      0.050360046327114105
    ],
    "val_f1": [
      0.8523409363745498,
      0.9075000000000001,
      0.9062500000000001,
      0.7891566265060241,
      0.7708978328173375,
      0.730769230769231
    ],
    "val_ece": [
      0.24011635780334473,
      0.27310872077941895,
      0.23530179262161255,
      0.2422887086868286,
      0.2366066575050354,
      0.25409653782844543
    ],
    "val_threshold": [
      0.2499999850988388,
      0.09999999403953552,
      0.05000000074505806,
      0.05000000074505806,
      0.05000000074505806,
      0.05000000074505806
    ],
    "base_loss": [
      0.7959429025650024,
      0.5076490640640259,
      0.2744006812572479,
      0.15523360669612885,
      0.09748110175132751,
      0.07413385808467865,
      0.06048494577407837,
      0.059239767491817474,
      0.0559871569275856,
      0.050360046327114105
    ],
    "dro_loss": [
      0.0,
      0.0,
      0.0,
      0.0,
      0.0,
      0.0,
      0.0,
      0.0,
      0.0,
      0.0
    ]
  },
  "runtime_sec": 0.7134413719177246,
  "config": {
    "graph_file": "/home/user/FedSTGCN/cdro_suite/batch2_baselineplus_s3_v1/protocol_graphs/weak_attack_strategy_ood.pt",
    "method": "noisy_ce",
    "hidden_dim": 64,
    "heads": 4,
    "dropout": 0.3,
    "lr": 0.005,
    "weight_decay": 0.0005,
    "epochs": 10,
    "patience": 4,
    "lambda_dro": 0.5,
    "ug_temperature": 0.35,
    "ug_priority_loss_scale": 1.0,
    "ug_uncertainty_scale": 0.2,
    "ug_disagreement_scale": 0.1,
    "ug_sample_weight_scale": 0.0,
    "posthoc_temperature_scaling": false,
    "temp_scale_min": 0.5,
    "temp_scale_max": 5.0,
    "temp_scale_steps": 31,
    "seed": 11,
    "force_cpu": true,
    "physics_context": false,
    "capacity": 120000.0,
    "train_supervised_nodes": 1331,
    "target_meta": {
      "covered_train_nodes": 1331,
      "pseudo_attack_nodes": 0,
      "pseudo_benign_nodes": 0,
      "effective_train_nodes": 1331
    }
  }
}