{
  "best_epoch": 2,
  "best_val_f1": 0.9461538461538461,
  "best_threshold_raw": 0.09999999403953552,
  "best_threshold": 0.09999999403953552,
  "eval_temperature": 1.0,
  "temperature_scaling": {
    "enabled": false,
    "temperature": 1.0,
    "val_nll_raw": 0.0,
    "val_nll_calibrated": 0.0,
    "val_ece_raw": 0.0,
    "val_ece_calibrated": 0.0,
    "val_brier_raw": 0.0,
    "val_brier_calibrated": 0.0,
    "val_threshold_raw": 0.09999999403953552,
    "val_threshold_calibrated": 0.09999999403953552,
    "val_f1_raw": 0.9461538461538461,
    "val_f1_calibrated": 0.9461538461538461
  },
  "final_eval_raw": {
    "train": {
      "accuracy": 0.9194464158977999,
      "precision": 0.9050535987748851,
      "recall": 0.9773980154355016,
      "f1": 0.9398356745295521,
      "fpr": 0.1852589641434263,
      "ece": 0.2100313901901245,
      "brier": 0.14892183244228363,
      "tp": 1773,
      "fp": 186,
      "fn": 41,
      "tn": 818,
      "threshold": 0.09999999403953552,
      "temperature": 1.0
    },
    "val": {
      "accuracy": 0.9258474576271186,
      "precision": 0.9044117647058824,
      "recall": 0.9919354838709677,
      "f1": 0.9461538461538461,
      "fpr": 0.2006172839506173,
      "ece": 0.2146126627922058,
      "brier": 0.13674110174179077,
      "tp": 615,
      "fp": 65,
      "fn": 5,
      "tn": 259,
      "threshold": 0.09999999403953552,
      "temperature": 1.0
    },
    "test_random": {
      "accuracy": 0.8363636363636363,
      "precision": 0.8041958041958042,
      "recall": 0.9778911564625851,
      "f1": 0.8825786646201074,
      "fpr": 0.4034582132564842,
      "ece": 0.13654956221580505,
      "brier": 0.12958019971847534,
      "tp": 575,
      "fp": 140,
      "fn": 13,
      "tn": 207,
      "threshold": 0.09999999403953552,
      "temperature": 1.0
    },
    "test_temporal": {
      "accuracy": 0.8363636363636363,
      "precision": 0.8041958041958042,
      "recall": 0.9778911564625851,
      "f1": 0.8825786646201074,
      "fpr": 0.4034582132564842,
      "ece": 0.13654956221580505,
      "brier": 0.12958019971847534,
      "tp": 575,
      "fp": 140,
      "fn": 13,
      "tn": 207,
      "threshold": 0.09999999403953552,
      "temperature": 1.0
    }
  },
  "final_eval": {
    "train": {
      "accuracy": 0.9194464158977999,
      "precision": 0.9050535987748851,
      "recall": 0.9773980154355016,
      "f1": 0.9398356745295521,
      "fpr": 0.1852589641434263,
      "ece": 0.2100313901901245,
      "brier": 0.14892183244228363,
      "tp": 1773,
      "fp": 186,
      "fn": 41,
      "tn": 818,
      "threshold": 0.09999999403953552,
      "temperature": 1.0
    },
    "val": {
      "accuracy": 0.9258474576271186,
      "precision": 0.9044117647058824,
      "recall": 0.9919354838709677,
      "f1": 0.9461538461538461,
      "fpr": 0.2006172839506173,
      "ece": 0.2146126627922058,
      "brier": 0.13674110174179077,
      "tp": 615,
      "fp": 65,
      "fn": 5,
      "tn": 259,
      "threshold": 0.09999999403953552,
      "temperature": 1.0
    },
    "test_random": {
      "accuracy": 0.8363636363636363,
      "precision": 0.8041958041958042,
      "recall": 0.9778911564625851,
      "f1": 0.8825786646201074,
      "fpr": 0.4034582132564842,
      "ece": 0.13654956221580505,
      "brier": 0.12958019971847534,
      "tp": 575,
      "fp": 140,
      "fn": 13,
      "tn": 207,
      "threshold": 0.09999999403953552,
      "temperature": 1.0
    },
    "test_temporal": {
      "accuracy": 0.8363636363636363,
      "precision": 0.8041958041958042,
      "recall": 0.9778911564625851,
      "f1": 0.8825786646201074,
      "fpr": 0.4034582132564842,
      "ece": 0.13654956221580505,
      "brier": 0.12958019971847534,
      "tp": 575,
      "fp": 140,
      "fn": 13,
      "tn": 207,
      "threshold": 0.09999999403953552,
      "temperature": 1.0
    }
  },
  "group_names": {
    "0": "low_rho_low_uncertainty",
    "1": "low_rho_high_uncertainty",
    "2": "high_rho_low_uncertainty",
    "3": "high_rho_high_uncertainty"
  },
  "group_thresholds": {
    "uncertainty_mid": 0.701879620552063,
    "rho_mid": 27.268836975097656
  },
  "prior_stats": {
    "source_prior": [],
    "target_prior": []
  },
  "history": {
    "train_loss": [
      1.0036308765411377,
      0.6631289124488831,
      0.37856778502464294,
      0.21910375356674194,
      0.13831548392772675,
      0.10354217141866684,
      0.08858297020196915,
      0.08880223333835602,
      0.06916767358779907,
      0.06522168964147568
    ],
    "val_f1": [
      0.912781954887218,
      0.9461538461538461,
      0.9431279620853081,
      0.8911222780569514,
      0.8837998303647159,
      0.8563968668407311
    ],
    "val_ece": [
      0.23130778968334198,
      0.2146126627922058,
      0.17307059466838837,
      0.16556034982204437,
      0.1650799959897995,
      0.1805596947669983
    ],
    "val_threshold": [
      0.2499999850988388,
      0.09999999403953552,
      0.05000000074505806,
      0.05000000074505806,
      0.05000000074505806,
      0.05000000074505806
    ],
    "base_loss": [
      1.0036308765411377,
      0.6631289124488831,
      0.37856778502464294,
      0.21910375356674194,
      0.13831548392772675,
      0.10354217141866684,
      0.08858297020196915,
      0.08880223333835602,
      0.06916767358779907,
      0.06522168964147568
    ],
    "dro_loss": [
      0.0,
      0.0,
      0.0,
      0.0,
      0.0,
      0.0,
      0.0,
      0.0,
      0.0,
      0.0
    ]
  },
  "runtime_sec": 0.7110927104949951,
  "config": {
    "graph_file": "/home/user/FedSTGCN/cdro_suite/batch2_baselineplus_s3_v1/protocol_graphs/weak_temporal_ood.pt",
    "method": "noisy_ce",
    "hidden_dim": 64,
    "heads": 4,
    "dropout": 0.3,
    "lr": 0.005,
    "weight_decay": 0.0005,
    "epochs": 10,
    "patience": 4,
    "lambda_dro": 0.5,
    "ug_temperature": 0.35,
    "ug_priority_loss_scale": 1.0,
    "ug_uncertainty_scale": 0.2,
    "ug_disagreement_scale": 0.1,
    "ug_sample_weight_scale": 0.0,
    "posthoc_temperature_scaling": false,
    "temp_scale_min": 0.5,
    "temp_scale_max": 5.0,
    "temp_scale_steps": 31,
    "seed": 11,
    "force_cpu": true,
    "physics_context": false,
    "capacity": 120000.0,
    "train_supervised_nodes": 1272,
    "target_meta": {
      "covered_train_nodes": 1272,
      "pseudo_attack_nodes": 0,
      "pseudo_benign_nodes": 0,
      "effective_train_nodes": 1272
    }
  }
}