{
  "best_epoch": 1,
  "best_val_f1": 0.9007529089664613,
  "best_threshold_raw": 0.5,
  "best_threshold": 0.5,
  "eval_temperature": 1.0,
  "temperature_scaling": {
    "enabled": false,
    "temperature": 1.0,
    "val_nll_raw": 0.0,
    "val_nll_calibrated": 0.0,
    "val_ece_raw": 0.0,
    "val_ece_calibrated": 0.0,
    "val_brier_raw": 0.0,
    "val_brier_calibrated": 0.0,
    "val_threshold_raw": 0.5,
    "val_threshold_calibrated": 0.5,
    "val_f1_raw": 0.9007529089664613,
    "val_f1_calibrated": 0.9007529089664613
  },
  "final_eval_raw": {
    "train": {
      "accuracy": 0.8524957936062816,
      "precision": 0.9158790170132325,
      "recall": 0.847769028871391,
      "f1": 0.8805088596092684,
      "fpr": 0.1390625,
      "ece": 0.19493794441223145,
      "brier": 0.15015634894371033,
      "tp": 1938,
      "fp": 178,
      "fn": 348,
      "tn": 1102,
      "threshold": 0.5,
      "temperature": 1.0
    },
    "val": {
      "accuracy": 0.8786610878661087,
      "precision": 0.9228611500701263,
      "recall": 0.8796791443850267,
      "f1": 0.9007529089664613,
      "fpr": 0.12304250559284116,
      "ece": 0.22154775261878967,
      "brier": 0.14401695132255554,
      "tp": 658,
      "fp": 55,
      "fn": 90,
      "tn": 392,
      "threshold": 0.5,
      "temperature": 1.0
    },
    "test_random": {
      "accuracy": 0.8401976935749588,
      "precision": 0.9407514450867052,
      "recall": 0.8097014925373134,
      "f1": 0.8703208556149732,
      "fpr": 0.1,
      "ece": 0.19045215845108032,
      "brier": 0.15577882528305054,
      "tp": 651,
      "fp": 41,
      "fn": 153,
      "tn": 369,
      "threshold": 0.5,
      "temperature": 1.0
    },
    "test_temporal": {
      "accuracy": 0.8401976935749588,
      "precision": 0.9407514450867052,
      "recall": 0.8097014925373134,
      "f1": 0.8703208556149732,
      "fpr": 0.1,
      "ece": 0.19045215845108032,
      "brier": 0.15577882528305054,
      "tp": 651,
      "fp": 41,
      "fn": 153,
      "tn": 369,
      "threshold": 0.5,
      "temperature": 1.0
    }
  },
  "final_eval": {
    "train": {
      "accuracy": 0.8524957936062816,
      "precision": 0.9158790170132325,
      "recall": 0.847769028871391,
      "f1": 0.8805088596092684,
      "fpr": 0.1390625,
      "ece": 0.19493794441223145,
      "brier": 0.15015634894371033,
      "tp": 1938,
      "fp": 178,
      "fn": 348,
      "tn": 1102,
      "threshold": 0.5,
      "temperature": 1.0
    },
    "val": {
      "accuracy": 0.8786610878661087,
      "precision": 0.9228611500701263,
      "recall": 0.8796791443850267,
      "f1": 0.9007529089664613,
      "fpr": 0.12304250559284116,
      "ece": 0.22154775261878967,
      "brier": 0.14401695132255554,
      "tp": 658,
      "fp": 55,
      "fn": 90,
      "tn": 392,
      "threshold": 0.5,
      "temperature": 1.0
    },
    "test_random": {
      "accuracy": 0.8401976935749588,
      "precision": 0.9407514450867052,
      "recall": 0.8097014925373134,
      "f1": 0.8703208556149732,
      "fpr": 0.1,
      "ece": 0.19045215845108032,
      "brier": 0.15577882528305054,
      "tp": 651,
      "fp": 41,
      "fn": 153,
      "tn": 369,
      "threshold": 0.5,
      "temperature": 1.0
    },
    "test_temporal": {
      "accuracy": 0.8401976935749588,
      "precision": 0.9407514450867052,
      "recall": 0.8097014925373134,
      "f1": 0.8703208556149732,
      "fpr": 0.1,
      "ece": 0.19045215845108032,
      "brier": 0.15577882528305054,
      "tp": 651,
      "fp": 41,
      "fn": 153,
      "tn": 369,
      "threshold": 0.5,
      "temperature": 1.0
    }
  },
  "group_names": {
    "0": "low_rho_low_uncertainty",
    "1": "low_rho_high_uncertainty",
    "2": "high_rho_low_uncertainty",
    "3": "high_rho_high_uncertainty"
  },
  "group_thresholds": {
    "uncertainty_mid": 0.7968408465385437,
    "rho_mid": 25.788978576660156
  },
  "prior_stats": {
    "source_prior": [],
    "target_prior": []
  },
  "history": {
    "train_loss": [
      0.7300952672958374,
      0.551498293876648,
      0.4174209237098694,
      0.34890681505203247,
      0.3283724784851074
    ],
    "val_f1": [
      0.9007529089664613,
      0.8957475994513032,
      0.882786336235767,
      0.865979381443299,
      0.845222072678331
    ],
    "val_ece": [
      0.22154775261878967,
      0.0862971693277359,
      0.06058204546570778,
      0.11021827161312103,
      0.14082399010658264
    ],
    "val_threshold": [
      0.5,
      0.44999998807907104,
      0.2499999850988388,
      0.09999999403953552,
      0.14999999105930328
    ],
    "base_loss": [
      0.7278381586074829,
      0.5493410229682922,
      0.41253167390823364,
      0.3388842046260834,
      0.31666305661201477
    ],
    "dro_loss": [
      0.7323523759841919,
      0.5536555051803589,
      0.4223102033138275,
      0.3589293956756592,
      0.3400818705558777
    ]
  },
  "runtime_sec": 0.5091772079467773,
  "config": {
    "graph_file": "/home/user/FedSTGCN/cdro_suite/main_baselineplus_s3_v1/protocol_graphs/weak_temporal_ood.pt",
    "method": "cdro_ug",
    "hidden_dim": 64,
    "heads": 4,
    "dropout": 0.3,
    "lr": 0.005,
    "weight_decay": 0.0005,
    "epochs": 10,
    "patience": 4,
    "lambda_dro": 0.5,
    "ug_temperature": 0.35,
    "ug_priority_loss_scale": 1.0,
    "ug_uncertainty_scale": 0.2,
    "ug_disagreement_scale": 0.1,
    "ug_sample_weight_scale": 0.0,
    "posthoc_temperature_scaling": false,
    "temp_scale_min": 0.5,
    "temp_scale_max": 5.0,
    "temp_scale_steps": 31,
    "seed": 33,
    "force_cpu": true,
    "physics_context": false,
    "capacity": 120000.0,
    "train_supervised_nodes": 1471,
    "target_meta": {
      "covered_train_nodes": 1471,
      "pseudo_attack_nodes": 0,
      "pseudo_benign_nodes": 0,
      "effective_train_nodes": 1471
    }
  }
}