{
  "summary_json": "/home/user/FedSTGCN/cdro_suite/main_rewrite_sw0_s5_v1/cdro_summary.json",
  "metrics": [
    "f1",
    "fpr",
    "ece",
    "brier"
  ],
  "comparisons": [
    {
      "method_a": "cdro_ug",
      "method_b": "noisy_ce",
      "pooled": {
        "f1": {
          "method_a": {
            "n": 20,
            "mean": 0.8693769218034885,
            "std": 0.03535175995504735
          },
          "method_b": {
            "n": 20,
            "mean": 0.8670029186369042,
            "std": 0.047799214760477424
          },
          "delta_mean": 0.0023740031665843153,
          "p_value": 0.9974501274936253
        },
        "fpr": {
          "method_a": {
            "n": 20,
            "mean": 0.16258380125755006,
            "std": 0.10692383807646708
          },
          "method_b": {
            "n": 20,
            "mean": 0.19060406726995416,
            "std": 0.18185345942703438
          },
          "delta_mean": -0.028020266012404114,
          "p_value": 0.5530723463826809
        },
        "ece": {
          "method_a": {
            "n": 20,
            "mean": 0.180242308229208,
            "std": 0.06745361327378895
          },
          "method_b": {
            "n": 20,
            "mean": 0.188462096080184,
            "std": 0.056968842253557465
          },
          "delta_mean": -0.00821978785097599,
          "p_value": 0.6101694915254238
        },
        "brier": {
          "method_a": {
            "n": 20,
            "mean": 0.1287134187296033,
            "std": 0.04119364658863048
          },
          "method_b": {
            "n": 20,
            "mean": 0.12665683180093765,
            "std": 0.03537619390962965
          },
          "delta_mean": 0.002056586928665638,
          "p_value": 0.7545622718864057
        }
      },
      "per_protocol": {
        "label_prior_shift_ood": {
          "f1": {
            "method_a": {
              "n": 5,
              "mean": 0.8250079428451808,
              "std": 0.021960104618722342
            },
            "method_b": {
              "n": 5,
              "mean": 0.8271380601680867,
              "std": 0.023762405232387426
            },
            "delta_mean": -0.002130117322905911,
            "p_value": 0.15151515151515152
          },
          "fpr": {
            "method_a": {
              "n": 5,
              "mean": 0.08074921956295525,
              "std": 0.02631049170813255
            },
            "method_b": {
              "n": 5,
              "mean": 0.07388137356919874,
              "std": 0.03378289923152534
            },
            "delta_mean": 0.006867845993756505,
            "p_value": 0.2727272727272727
          },
          "ece": {
            "method_a": {
              "n": 5,
              "mean": 0.190512253344059,
              "std": 0.07374599449636154
            },
            "method_b": {
              "n": 5,
              "mean": 0.19554947316646576,
              "std": 0.030002600825504534
            },
            "delta_mean": -0.0050372198224067685,
            "p_value": 0.8787878787878788
          },
          "brier": {
            "method_a": {
              "n": 5,
              "mean": 0.16245331168174743,
              "std": 0.012109603138506763
            },
            "method_b": {
              "n": 5,
              "mean": 0.15988528728485107,
              "std": 0.005675093344598331
            },
            "delta_mean": 0.0025680243968963625,
            "p_value": 0.696969696969697
          }
        },
        "weak_attack_strategy_ood": {
          "f1": {
            "method_a": {
              "n": 5,
              "mean": 0.8935222239203159,
              "std": 0.018102294615957013
            },
            "method_b": {
              "n": 5,
              "mean": 0.8630191792933429,
              "std": 0.0782948773401253
            },
            "delta_mean": 0.030503044626972932,
            "p_value": 0.7575757575757576
          },
          "fpr": {
            "method_a": {
              "n": 5,
              "mean": 0.274364896073903,
              "std": 0.05113270369472013
            },
            "method_b": {
              "n": 5,
              "mean": 0.38475750577367207,
              "std": 0.27122545795692543
            },
            "delta_mean": -0.11039260969976906,
            "p_value": 0.7575757575757576
          },
          "ece": {
            "method_a": {
              "n": 5,
              "mean": 0.1772359535098076,
              "std": 0.08963361080870902
            },
            "method_b": {
              "n": 5,
              "mean": 0.21095263659954072,
              "std": 0.07855097937708254
            },
            "delta_mean": -0.03371668308973312,
            "p_value": 0.7575757575757576
          },
          "brier": {
            "method_a": {
              "n": 5,
              "mean": 0.07318923696875572,
              "std": 0.03171441626527503
            },
            "method_b": {
              "n": 5,
              "mean": 0.08269373476505279,
              "std": 0.03025464630072905
            },
            "delta_mean": -0.009504497796297074,
            "p_value": 1.0
          }
        },
        "weak_temporal_ood": {
          "f1": {
            "method_a": {
              "n": 5,
              "mean": 0.8627689801002675,
              "std": 0.013507254017218062
            },
            "method_b": {
              "n": 5,
              "mean": 0.8743723209095892,
              "std": 0.006701539506113015
            },
            "delta_mean": -0.011603340809321771,
            "p_value": 0.09090909090909091
          },
          "fpr": {
            "method_a": {
              "n": 5,
              "mean": 0.08829268292682926,
              "std": 0.04187031336146778
            },
            "method_b": {
              "n": 5,
              "mean": 0.11024390243902439,
              "std": 0.05146283666303583
            },
            "delta_mean": -0.02195121951219512,
            "p_value": 0.2727272727272727
          },
          "ece": {
            "method_a": {
              "n": 5,
              "mean": 0.1818840503692627,
              "std": 0.009444001875451505
            },
            "method_b": {
              "n": 5,
              "mean": 0.17591120898723603,
              "std": 0.021723952116714285
            },
            "delta_mean": 0.005972841382026672,
            "p_value": 0.45454545454545453
          },
          "brier": {
            "method_a": {
              "n": 5,
              "mean": 0.15842491388320923,
              "std": 0.014645309037780621
            },
            "method_b": {
              "n": 5,
              "mean": 0.14904225766658782,
              "std": 0.012272812387743855
            },
            "delta_mean": 0.0093826562166214,
            "p_value": 0.15151515151515152
          }
        },
        "weak_topology_ood": {
          "f1": {
            "method_a": {
              "n": 5,
              "mean": 0.8962085403481899,
              "std": 0.02828267236412422
            },
            "method_b": {
              "n": 5,
              "mean": 0.9034821141765979,
              "std": 0.019373614209950884
            },
            "delta_mean": -0.0072735738284079865,
            "p_value": 0.21212121212121213
          },
          "fpr": {
            "method_a": {
              "n": 5,
              "mean": 0.2069284064665127,
              "std": 0.12608938382718513
            },
            "method_b": {
              "n": 5,
              "mean": 0.19353348729792147,
              "std": 0.08660354117184135
            },
            "delta_mean": 0.013394919168591217,
            "p_value": 0.6363636363636364
          },
          "ece": {
            "method_a": {
              "n": 5,
              "mean": 0.1713369756937027,
              "std": 0.0883457379419618
            },