{
  "config": {
    "protocol_graph_dir": "cdro_suite/main_rewrite_sw0_s5_v1/protocol_graphs",
    "attack_trust": 0.9,
    "benign_trust": 0.55,
    "protocols": [
      "weak_temporal_ood",
      "weak_topology_ood",
      "weak_attack_strategy_ood",
      "label_prior_shift_ood"
    ]
  },
  "protocols": {
    "weak_temporal_ood": {
      "graph_file": "cdro_suite/main_rewrite_sw0_s5_v1/protocol_graphs/weak_temporal_ood.pt",
      "covered_train_nodes": 1471,
      "buckets": {
        "weak_attack": {
          "n": 684,
          "precision": 0.8932748436927795,
          "agreement": {
            "n": 684,
            "mean": 0.9738547205924988,
            "std": 0.07596183568239212,
            "q25": 1.0,
            "q50": 1.0,
            "q75": 1.0
          },
          "uncertainty": {
            "n": 684,
            "mean": 0.7855455875396729,
            "std": 0.11684951186180115,
            "q25": 0.7255809307098389,
            "q50": 0.8315201997756958,
            "q75": 0.8738616108894348
          },
          "confidence": {
            "n": 684,
            "mean": 0.512091875076294,
            "std": 0.12336415797472,
            "q25": 0.41195377707481384,
            "q50": 0.47362226247787476,
            "q75": 0.5963320136070251
          },
          "effective_trust": {
            "n": 684,
            "mean": 0.8059583306312561,
            "std": 0.03255758062005043,
            "q25": 0.7920367121696472,
            "q50": 0.8045105934143066,
            "q75": 0.827339768409729
          }
        },
        "weak_benign": {
          "n": 787,
          "precision": 0.7026683688163757,
          "agreement": {
            "n": 787,
            "mean": 0.9725751876831055,
            "std": 0.07894306629896164,
            "q25": 1.0,
            "q50": 1.0,
            "q75": 1.0
          },
          "uncertainty": {
            "n": 787,
            "mean": 0.6656191945075989,
            "std": 0.2004939615726471,
            "q25": 0.5399354696273804,
            "q50": 0.6817491054534912,
            "q75": 0.8336935043334961
          },
          "confidence": {
            "n": 787,
            "mean": 0.6193017959594727,
            "std": 0.16638976335525513,
            "q25": 0.47068509459495544,
            "q50": 0.6384686827659607,
            "q75": 0.7525765895843506
          },
          "effective_trust": {
            "n": 787,
            "mean": 0.4218129515647888,
            "std": 0.044143300503492355,
            "q25": 0.3870183825492859,
            "q50": 0.4232690632343292,
            "q75": 0.45221614837646484
          }
        }
      }
    },
    "weak_topology_ood": {
      "graph_file": "cdro_suite/main_rewrite_sw0_s5_v1/protocol_graphs/weak_topology_ood.pt",
      "covered_train_nodes": 1513,
      "buckets": {
        "weak_attack": {
          "n": 676,
          "precision": 0.9082840085029602,
          "agreement": {
            "n": 676,
            "mean": 0.9774654507637024,
            "std": 0.07121001929044724,
            "q25": 1.0,
            "q50": 1.0,
            "q75": 1.0
          },
          "uncertainty": {
            "n": 676,
            "mean": 0.7934837341308594,
            "std": 0.10536567121744156,
            "q25": 0.7344164848327637,
            "q50": 0.8279581069946289,
            "q75": 0.8730398416519165
          },
          "confidence": {
            "n": 676,
            "mean": 0.5054437518119812,
            "std": 0.11402186751365662,
            "q25": 0.4132520258426666,
            "q50": 0.4783903956413269,
            "q75": 0.5873321294784546
          },
          "effective_trust": {
            "n": 676,
            "mean": 0.8056246042251587,
            "std": 0.030142568051815033,
            "q25": 0.7934138774871826,
            "q50": 0.8052520155906677,
            "q75": 0.8257197737693787
          }
        },
        "weak_benign": {
          "n": 837,
          "precision": 0.67861407995224,
          "agreement": {
            "n": 837,
            "mean": 0.9646554589271545,
            "std": 0.08549977093935013,
            "q25": 1.0,
            "q50": 1.0,
            "q75": 1.0
          },
          "uncertainty": {
            "n": 837,
            "mean": 0.6849619746208191,
            "std": 0.19229091703891754,
            "q25": 0.56422358751297,
            "q50": 0.7866751551628113,
            "q75": 0.8379443883895874
          },
          "confidence": {
            "n": 837,
            "mean": 0.6027031540870667,
            "std": 0.16357052326202393,
            "q25": 0.46487611532211304,
            "q50": 0.5299423933029175,
            "q75": 0.735023021697998
          },
          "effective_trust": {
            "n": 837,
            "mean": 0.41703227162361145,
            "std": 0.04333283752202988,
            "q25": 0.38454392552375793,
            "q50": 0.40029487013816833,
            "q75": 0.44738325476646423
          }
        }
      }
    },
    "weak_attack_strategy_ood": {
      "graph_file": "cdro_suite/main_rewrite_sw0_s5_v1/protocol_graphs/weak_attack_strategy_ood.pt",
      "covered_train_nodes": 1550,
      "buckets": {
        "weak_attack": {
          "n": 822,
          "precision": 0.9245741963386536,
          "agreement": {
            "n": 822,
            "mean": 0.9814679622650146,
            "std": 0.06514114886522293,
            "q25": 1.0,
            "q50": 1.0,
            "q75": 1.0
          },
          "uncertainty": {
            "n": 822,
            "mean": 0.7899501323699951,
            "std": 0.10459236055612564,
            "q25": 0.7299870252609253,
            "q50": 0.8217161297798157,
            "q75": 0.8712975978851318
          },
          "confidence": {
            "n": 822,
            "mean": 0.5098437666893005,
            "std": 0.11403389275074005,
            "q25": 0.4159894585609436,
            "q50": 0.48661237955093384,
            "q75": 0.5918668508529663
          },
          "effective_trust": {
            "n": 822,
            "mean": 0.8073678612709045,
            "std": 0.028864804655313492,
            "q25": 0.7940131425857544,
            "q50": 0.807413637638092,
            "q75": 0.8265360593795776
          }
        },
        "weak_benign": {
          "n": 728,
          "precision": 0.7802197933197021,
          "agreement": {
            "n": 728,
            "mean": 0.9643774628639221,
            "std": 0.08173913508653641,
            "q25": 1.0,
            "q50": 1.0,
            "q75": 1.0
          },
          "uncertainty": {
            "n": 728,
            "mean": 0.7381045818328857,
            "std": 0.13353827595710754,
            "q25": 0.6157337427139282,
            "q50": 0.8110193014144897,
            "q75": 0.8454766273498535
          },
          "confidence": {
            "n": 728,
            "mean": 0.5622467994689941,
            "std": 0.13446323573589325,
            "q25": 0.4543677568435669,
            "q50": 0.5003262758255005,
            "q75": 0.6952647566795349
          },
          "effective_trust": {
            "n": 728,
            "mean": 0.40631163120269775,
            "std": 0.03280530124902725,
            "q25": 0.382201611995697,
            "q50": 0.3932746946811676,
            "q75": 0.43697571754455566
          }
        }
      }
    },
    "label_prior_shift_ood": {
      "graph_file": "cdro_suite/main_rewrite_sw0_s5_v1/protocol_graphs/label_prior_shift_ood.pt",
      "covered_train_nodes": 1407,
      "buckets": {
        "weak_attack": {
          "n": 793,
          "precision": 0.9243379831314087,
          "agreement": {
            "n": 793,
            "mean": 0.9815468192100525,
            "std": 0.06480429321527481,
            "q25": 1.0,
            "q50": 1.0,
            "q75": 1.0
          },
          "uncertainty": {
            "n": 793,
            "mean": 0.7825668454170227,