method,label,n,f1_mean,f1_std,fpr_mean,fpr_std,ece_mean,ece_std,brier_mean,brier_std
noisy_ce,Noisy-CE,3,0.8416634171059121,0.08887227430683099,0.02461111111111111,0.005746904695594572,0.08390916883945465,0.003737892154946344,0.06635122746229172,0.009893333449872118
posterior_ce,Posterior-CE,3,0.6314228101419918,0.16867835657041053,0.020188888888888888,0.009603137347428717,0.13765610257784525,0.014267793783283739,0.08266759663820267,0.010175582825387823
cdro_fixed,CDRO-Fixed,3,0.660089203049934,0.18193838887010766,0.016422222222222223,0.005263735705774646,0.13271608452002207,0.01917321004079618,0.07452169805765152,0.009185238809745285
cdro_ug,CDRO-UG(sw0),3,0.7364176528875991,0.10571980141100192,0.023155555555555558,0.0025604301336173588,0.08937483405073483,0.023373914508505615,0.06839805220564206,0.008130194341866051
