{
  "best_epoch": 2,
  "best_val_f1": 0.8637137989778535,
  "best_threshold_raw": 0.09999999403953552,
  "best_threshold": 0.09999999403953552,
  "eval_temperature": 1.0,
  "temperature_scaling": {
    "enabled": false,
    "temperature": 1.0,
    "val_nll_raw": 0.0,
    "val_nll_calibrated": 0.0,
    "val_ece_raw": 0.0,
    "val_ece_calibrated": 0.0,
    "val_brier_raw": 0.0,
    "val_brier_calibrated": 0.0,
    "val_threshold_raw": 0.09999999403953552,
    "val_threshold_calibrated": 0.09999999403953552,
    "val_f1_raw": 0.8637137989778535,
    "val_f1_calibrated": 0.8637137989778535
  },
  "final_eval_raw": {
    "train": {
      "accuracy": 0.8584264205925206,
      "precision": 0.8373837383738374,
      "recall": 0.9855225988700564,
      "f1": 0.9054339010543391,
      "fpr": 0.4214618973561431,
      "ece": 0.14047548174858093,
      "brier": 0.10874801874160767,
      "tp": 2791,
      "fp": 542,
      "fn": 41,
      "tn": 744,
      "threshold": 0.09999999403953552,
      "temperature": 1.0
    },
    "val": {
      "accuracy": 0.8272138228941684,
      "precision": 0.7612612612612613,
      "recall": 0.9980314960629921,
      "f1": 0.8637137989778535,
      "fpr": 0.3803827751196172,
      "ece": 0.2542491853237152,
      "brier": 0.22756223380565643,
      "tp": 507,
      "fp": 159,
      "fn": 1,
      "tn": 259,
      "threshold": 0.09999999403953552,
      "temperature": 1.0
    },
    "test_random": {
      "accuracy": 0.8141783029001074,
      "precision": 0.7421758569299552,
      "recall": 1.0,
      "f1": 0.8520102651839179,
      "fpr": 0.3995381062355658,
      "ece": 0.11999956518411636,
      "brier": 0.055982351303100586,
      "tp": 498,
      "fp": 173,
      "fn": 0,
      "tn": 260,
      "threshold": 0.09999999403953552,
      "temperature": 1.0
    },
    "test_temporal": {
      "accuracy": 0.8141783029001074,
      "precision": 0.7421758569299552,
      "recall": 1.0,
      "f1": 0.8520102651839179,
      "fpr": 0.3995381062355658,
      "ece": 0.11999956518411636,
      "brier": 0.055982351303100586,
      "tp": 498,
      "fp": 173,
      "fn": 0,
      "tn": 260,
      "threshold": 0.09999999403953552,
      "temperature": 1.0
    }
  },
  "final_eval": {
    "train": {
      "accuracy": 0.8584264205925206,
      "precision": 0.8373837383738374,
      "recall": 0.9855225988700564,
      "f1": 0.9054339010543391,
      "fpr": 0.4214618973561431,
      "ece": 0.14047548174858093,
      "brier": 0.10874801874160767,
      "tp": 2791,
      "fp": 542,
      "fn": 41,
      "tn": 744,
      "threshold": 0.09999999403953552,
      "temperature": 1.0
    },
    "val": {
      "accuracy": 0.8272138228941684,
      "precision": 0.7612612612612613,
      "recall": 0.9980314960629921,
      "f1": 0.8637137989778535,
      "fpr": 0.3803827751196172,
      "ece": 0.2542491853237152,
      "brier": 0.22756223380565643,
      "tp": 507,
      "fp": 159,
      "fn": 1,
      "tn": 259,
      "threshold": 0.09999999403953552,
      "temperature": 1.0
    },
    "test_random": {
      "accuracy": 0.8141783029001074,
      "precision": 0.7421758569299552,
      "recall": 1.0,
      "f1": 0.8520102651839179,
      "fpr": 0.3995381062355658,
      "ece": 0.11999956518411636,
      "brier": 0.055982351303100586,
      "tp": 498,
      "fp": 173,
      "fn": 0,
      "tn": 260,
      "threshold": 0.09999999403953552,
      "temperature": 1.0
    },
    "test_temporal": {
      "accuracy": 0.8141783029001074,
      "precision": 0.7421758569299552,
      "recall": 1.0,
      "f1": 0.8520102651839179,
      "fpr": 0.3995381062355658,
      "ece": 0.11999956518411636,
      "brier": 0.055982351303100586,
      "tp": 498,
      "fp": 173,
      "fn": 0,
      "tn": 260,
      "threshold": 0.09999999403953552,
      "temperature": 1.0
    }
  },
  "group_names": {
    "0": "low_rho_low_uncertainty",
    "1": "low_rho_high_uncertainty",
    "2": "high_rho_low_uncertainty",
    "3": "high_rho_high_uncertainty"
  },
  "group_thresholds": {
    "uncertainty_mid": 0.8152983784675598,
    "rho_mid": 24.88705062866211
  },
  "prior_stats": {
    "source_prior": [],
    "target_prior": []
  },
  "history": {
    "train_loss": [
      0.7057814002037048,
      0.5960232019424438,
      0.5649756789207458,
      0.5662605166435242,
      0.5548706650733948,
      0.5559518933296204,
      0.5548763871192932,
      0.5528036952018738,
      0.5541040897369385,
      0.5525147914886475
    ],
    "val_f1": [
      0.7891050583657588,
      0.8637137989778535,
      0.7176835573940021,
      0.7085076708507672,
      0.7085076708507672,
      0.7085076708507672
    ],
    "val_ece": [
      0.15350376069545746,
      0.2542491853237152,
      0.24534399807453156,
      0.26548489928245544,
      0.2693629264831543,
      0.2893080413341522
    ],
    "val_threshold": [
      0.2499999850988388,
      0.09999999403953552,
      0.14999999105930328,
      0.05000000074505806,
      0.05000000074505806,
      0.05000000074505806
    ],
    "base_loss": [
      0.7057814002037048,
      0.5960232019424438,
      0.5649756789207458,
      0.5662605166435242,
      0.5548706650733948,
      0.5559518933296204,
      0.5548763871192932,
      0.5528036952018738,
      0.5541040897369385,
      0.5525147914886475
    ],
    "dro_loss": [
      0.0,
      0.0,
      0.0,
      0.0,
      0.0,
      0.0,
      0.0,
      0.0,
      0.0,
      0.0
    ]
  },
  "runtime_sec": 0.843116044998169,
  "config": {
    "graph_file": "/home/user/FedSTGCN/cdro_suite/main_baselineplus_s3_v1/protocol_graphs/weak_attack_strategy_ood.pt",
    "method": "posterior_ce",
    "hidden_dim": 64,
    "heads": 4,
    "dropout": 0.3,
    "lr": 0.005,
    "weight_decay": 0.0005,
    "epochs": 10,
    "patience": 4,
    "lambda_dro": 0.5,
    "ug_temperature": 0.35,
    "ug_priority_loss_scale": 1.0,
    "ug_uncertainty_scale": 0.2,
    "ug_disagreement_scale": 0.1,
    "ug_sample_weight_scale": 0.0,
    "posthoc_temperature_scaling": false,
    "temp_scale_min": 0.5,
    "temp_scale_max": 5.0,
    "temp_scale_steps": 31,
    "seed": 11,
    "force_cpu": true,
    "physics_context": false,
    "capacity": 120000.0,
    "train_supervised_nodes": 1550,
    "target_meta": {
      "covered_train_nodes": 1550,
      "pseudo_attack_nodes": 0,
      "pseudo_benign_nodes": 0,
      "effective_train_nodes": 1550
    }
  }
}