{
  "best_epoch": 2,
  "best_val_f1": 0.9439252336448598,
  "best_threshold_raw": 0.09999999403953552,
  "best_threshold": 0.09999999403953552,
  "eval_temperature": 1.0,
  "temperature_scaling": {
    "enabled": false,
    "temperature": 1.0,
    "val_nll_raw": 0.0,
    "val_nll_calibrated": 0.0,
    "val_ece_raw": 0.0,
    "val_ece_calibrated": 0.0,
    "val_brier_raw": 0.0,
    "val_brier_calibrated": 0.0,
    "val_threshold_raw": 0.09999999403953552,
    "val_threshold_calibrated": 0.09999999403953552,
    "val_f1_raw": 0.9439252336448598,
    "val_f1_calibrated": 0.9439252336448598
  },
  "final_eval_raw": {
    "train": {
      "accuracy": 0.9162526614620298,
      "precision": 0.9135220125786163,
      "recall": 0.9608599779492834,
      "f1": 0.936593229446534,
      "fpr": 0.1643426294820717,
      "ece": 0.2172749936580658,
      "brier": 0.16037411987781525,
      "tp": 1743,
      "fp": 165,
      "fn": 71,
      "tn": 839,
      "threshold": 0.09999999403953552,
      "temperature": 1.0
    },
    "val": {
      "accuracy": 0.923728813559322,
      "precision": 0.9126506024096386,
      "recall": 0.9774193548387097,
      "f1": 0.9439252336448598,
      "fpr": 0.17901234567901234,
      "ece": 0.22119884192943573,
      "brier": 0.14889560639858246,
      "tp": 606,
      "fp": 58,
      "fn": 14,
      "tn": 266,
      "threshold": 0.09999999403953552,
      "temperature": 1.0
    },
    "test_random": {
      "accuracy": 0.8470588235294118,
      "precision": 0.8201438848920863,
      "recall": 0.9693877551020408,
      "f1": 0.8885424785658612,
      "fpr": 0.36023054755043227,
      "ece": 0.14005348086357117,
      "brier": 0.13506893813610077,
      "tp": 570,
      "fp": 125,
      "fn": 18,
      "tn": 222,
      "threshold": 0.09999999403953552,
      "temperature": 1.0
    },
    "test_temporal": {
      "accuracy": 0.8470588235294118,
      "precision": 0.8201438848920863,
      "recall": 0.9693877551020408,
      "f1": 0.8885424785658612,
      "fpr": 0.36023054755043227,
      "ece": 0.14005348086357117,
      "brier": 0.13506893813610077,
      "tp": 570,
      "fp": 125,
      "fn": 18,
      "tn": 222,
      "threshold": 0.09999999403953552,
      "temperature": 1.0
    }
  },
  "final_eval": {
    "train": {
      "accuracy": 0.9162526614620298,
      "precision": 0.9135220125786163,
      "recall": 0.9608599779492834,
      "f1": 0.936593229446534,
      "fpr": 0.1643426294820717,
      "ece": 0.2172749936580658,
      "brier": 0.16037411987781525,
      "tp": 1743,
      "fp": 165,
      "fn": 71,
      "tn": 839,
      "threshold": 0.09999999403953552,
      "temperature": 1.0
    },
    "val": {
      "accuracy": 0.923728813559322,
      "precision": 0.9126506024096386,
      "recall": 0.9774193548387097,
      "f1": 0.9439252336448598,
      "fpr": 0.17901234567901234,
      "ece": 0.22119884192943573,
      "brier": 0.14889560639858246,
      "tp": 606,
      "fp": 58,
      "fn": 14,
      "tn": 266,
      "threshold": 0.09999999403953552,
      "temperature": 1.0
    },
    "test_random": {
      "accuracy": 0.8470588235294118,
      "precision": 0.8201438848920863,
      "recall": 0.9693877551020408,
      "f1": 0.8885424785658612,
      "fpr": 0.36023054755043227,
      "ece": 0.14005348086357117,
      "brier": 0.13506893813610077,
      "tp": 570,
      "fp": 125,
      "fn": 18,
      "tn": 222,
      "threshold": 0.09999999403953552,
      "temperature": 1.0
    },
    "test_temporal": {
      "accuracy": 0.8470588235294118,
      "precision": 0.8201438848920863,
      "recall": 0.9693877551020408,
      "f1": 0.8885424785658612,
      "fpr": 0.36023054755043227,
      "ece": 0.14005348086357117,
      "brier": 0.13506893813610077,
      "tp": 570,
      "fp": 125,
      "fn": 18,
      "tn": 222,
      "threshold": 0.09999999403953552,
      "temperature": 1.0
    }
  },
  "group_names": {
    "0": "low_rho_low_uncertainty",
    "1": "low_rho_high_uncertainty",
    "2": "high_rho_low_uncertainty",
    "3": "high_rho_high_uncertainty"
  },
  "group_thresholds": {
    "uncertainty_mid": 0.701879620552063,
    "rho_mid": 27.268836975097656
  },
  "prior_stats": {
    "source_prior": [
      0.6407761573791504,
      0.359223872423172
    ],
    "target_prior": [
      0.5454248189926147,
      0.45457521080970764
    ]
  },
  "history": {
    "train_loss": [
      0.6906155943870544,
      0.5336202383041382,
      0.4465455412864685,
      0.4136117100715637,
      0.39241600036621094,
      0.38139960169792175,
      0.38204044103622437,
      0.38231298327445984,
      0.3767591416835785,
      0.37601277232170105
    ],
    "val_f1": [
      0.9142857142857144,
      0.9439252336448598,
      0.9270248596631917,
      0.9180859691808597,
      0.9092395748160261,
      0.8925895087427144
    ],
    "val_ece": [
      0.3024623692035675,
      0.22119884192943573,
      0.1524435430765152,
      0.10701940208673477,
      0.10145176947116852,
      0.10116899013519287
    ],
    "val_threshold": [
      0.2499999850988388,
      0.09999999403953552,
      0.09999999403953552,
      0.14999999105930328,
      0.19999998807907104,
      0.19999998807907104
    ],
    "base_loss": [
      0.6864666938781738,
      0.5296316146850586,
      0.44094210863113403,
      0.40695062279701233,
      0.38453078269958496,
      0.3738611340522766,
      0.3745917081832886,
      0.3744925856590271,
      0.3688247799873352,
      0.3675615191459656
    ],
    "dro_loss": [
      0.6947644948959351,
      0.5376088619232178,
      0.452148973941803,
      0.4202728271484375,
      0.4003012478351593,
      0.3889380693435669,
      0.38948917388916016,
      0.3901333808898926,
      0.3846935033798218,
      0.3844640254974365
    ]
  },
  "runtime_sec": 0.6919412612915039,
  "config": {
    "graph_file": "/home/user/FedSTGCN/cdro_suite/batch2_baselineplus_s3_v1/protocol_graphs/weak_temporal_ood.pt",
    "method": "cdro_ug_priorcorr",
    "hidden_dim": 64,
    "heads": 4,
    "dropout": 0.3,
    "lr": 0.005,
    "weight_decay": 0.0005,
    "epochs": 10,
    "patience": 4,
    "lambda_dro": 0.5,
    "ug_temperature": 0.35,
    "ug_priority_loss_scale": 1.0,
    "ug_uncertainty_scale": 0.2,
    "ug_disagreement_scale": 0.1,
    "ug_sample_weight_scale": 0.0,
    "posthoc_temperature_scaling": false,
    "temp_scale_min": 0.5,
    "temp_scale_max": 5.0,
    "temp_scale_steps": 31,
    "seed": 11,
    "force_cpu": true,
    "physics_context": false,
    "capacity": 120000.0,
    "train_supervised_nodes": 1272,
    "target_meta": {
      "covered_train_nodes": 1272,
      "pseudo_attack_nodes": 0,
      "pseudo_benign_nodes": 0,
      "effective_train_nodes": 1272
    }
  }
}