{
  "best_epoch": 1,
  "best_val_f1": 0.8888888888888888,
  "best_threshold_raw": 0.6499999761581421,
  "best_threshold": 0.6499999761581421,
  "eval_temperature": 1.0,
  "temperature_scaling": {
    "enabled": false,
    "temperature": 1.0,
    "val_nll_raw": 0.0,
    "val_nll_calibrated": 0.0,
    "val_ece_raw": 0.0,
    "val_ece_calibrated": 0.0,
    "val_brier_raw": 0.0,
    "val_brier_calibrated": 0.0,
    "val_threshold_raw": 0.6499999761581421,
    "val_threshold_calibrated": 0.6499999761581421,
    "val_f1_raw": 0.8888888888888888,
    "val_f1_calibrated": 0.8888888888888888
  },
  "final_eval_raw": {
    "train": {
      "accuracy": 0.8345567476002259,
      "precision": 0.9565406345067362,
      "recall": 0.819129140305173,
      "f1": 0.8825180433039295,
      "fpr": 0.11695906432748537,
      "ece": 0.1343921720981598,
      "brier": 0.11672394722700119,
      "tp": 2201,
      "fp": 100,
      "fn": 486,
      "tn": 755,
      "threshold": 0.6499999761581421,
      "temperature": 1.0
    },
    "val": {
      "accuracy": 0.8836879432624114,
      "precision": 0.9265536723163842,
      "recall": 0.8541666666666666,
      "f1": 0.8888888888888888,
      "fpr": 0.08099688473520249,
      "ece": 0.19650062918663025,
      "brier": 0.13305583596229553,
      "tp": 328,
      "fp": 26,
      "fn": 56,
      "tn": 295,
      "threshold": 0.6499999761581421,
      "temperature": 1.0
    },
    "test_random": {
      "accuracy": 0.8489583333333334,
      "precision": 0.8844984802431611,
      "recall": 0.758800521512386,
      "f1": 0.816842105263158,
      "fpr": 0.07908428720083246,
      "ece": 0.18987996876239777,
      "brier": 0.15553227066993713,
      "tp": 582,
      "fp": 76,
      "fn": 185,
      "tn": 885,
      "threshold": 0.6499999761581421,
      "temperature": 1.0
    },
    "test_temporal": {
      "accuracy": 0.8489583333333334,
      "precision": 0.8844984802431611,
      "recall": 0.758800521512386,
      "f1": 0.816842105263158,
      "fpr": 0.07908428720083246,
      "ece": 0.18987996876239777,
      "brier": 0.15553227066993713,
      "tp": 582,
      "fp": 76,
      "fn": 185,
      "tn": 885,
      "threshold": 0.6499999761581421,
      "temperature": 1.0
    }
  },
  "final_eval": {
    "train": {
      "accuracy": 0.8345567476002259,
      "precision": 0.9565406345067362,
      "recall": 0.819129140305173,
      "f1": 0.8825180433039295,
      "fpr": 0.11695906432748537,
      "ece": 0.1343921720981598,
      "brier": 0.11672394722700119,
      "tp": 2201,
      "fp": 100,
      "fn": 486,
      "tn": 755,
      "threshold": 0.6499999761581421,
      "temperature": 1.0
    },
    "val": {
      "accuracy": 0.8836879432624114,
      "precision": 0.9265536723163842,
      "recall": 0.8541666666666666,
      "f1": 0.8888888888888888,
      "fpr": 0.08099688473520249,
      "ece": 0.19650062918663025,
      "brier": 0.13305583596229553,
      "tp": 328,
      "fp": 26,
      "fn": 56,
      "tn": 295,
      "threshold": 0.6499999761581421,
      "temperature": 1.0
    },
    "test_random": {
      "accuracy": 0.8489583333333334,
      "precision": 0.8844984802431611,
      "recall": 0.758800521512386,
      "f1": 0.816842105263158,
      "fpr": 0.07908428720083246,
      "ece": 0.18987996876239777,
      "brier": 0.15553227066993713,
      "tp": 582,
      "fp": 76,
      "fn": 185,
      "tn": 885,
      "threshold": 0.6499999761581421,
      "temperature": 1.0
    },
    "test_temporal": {
      "accuracy": 0.8489583333333334,
      "precision": 0.8844984802431611,
      "recall": 0.758800521512386,
      "f1": 0.816842105263158,
      "fpr": 0.07908428720083246,
      "ece": 0.18987996876239777,
      "brier": 0.15553227066993713,
      "tp": 582,
      "fp": 76,
      "fn": 185,
      "tn": 885,
      "threshold": 0.6499999761581421,
      "temperature": 1.0
    }
  },
  "group_names": {
    "0": "low_rho_low_uncertainty",
    "1": "low_rho_high_uncertainty",
    "2": "high_rho_low_uncertainty",
    "3": "high_rho_high_uncertainty"
  },
  "group_thresholds": {
    "uncertainty_mid": 0.7968408465385437,
    "rho_mid": 26.097820281982422
  },
  "prior_stats": {
    "source_prior": [
      0.4146902859210968,
      0.5853096842765808
    ],
    "target_prior": [
      0.4653315842151642,
      0.5346683263778687
    ]
  },
  "history": {
    "train_loss": [
      0.6716111302375793,
      0.49934980273246765,
      0.3912440836429596,
      0.32725685834884644,
      0.31004273891448975
    ],
    "val_f1": [
      0.8888888888888888,
      0.8718626155878467,
      0.8425,
      0.8329048843187661,
      0.8244274809160305
    ],
    "val_ece": [
      0.19650062918663025,
      0.08543137460947037,
      0.044447630643844604,
      0.08688221126794815,
      0.10892130434513092
    ],
    "val_threshold": [
      0.6499999761581421,
      0.5,
      0.19999998807907104,
      0.14999999105930328,
      0.09999999403953552
    ],
    "base_loss": [
      0.6675071716308594,
      0.4946129322052002,
      0.38472798466682434,
      0.32004424929618835,
      0.299540638923645
    ],
    "dro_loss": [
      0.6757150888442993,
      0.5040866732597351,
      0.39776018261909485,
      0.3344694674015045,
      0.3205448389053345
    ]
  },
  "runtime_sec": 0.518686056137085,
  "config": {
    "graph_file": "/home/user/FedSTGCN/cdro_suite/main_baselineplus_s3_v1/protocol_graphs/label_prior_shift_ood.pt",
    "method": "cdro_ug_priorcorr",
    "hidden_dim": 64,
    "heads": 4,
    "dropout": 0.3,
    "lr": 0.005,
    "weight_decay": 0.0005,
    "epochs": 10,
    "patience": 4,
    "lambda_dro": 0.5,
    "ug_temperature": 0.35,
    "ug_priority_loss_scale": 1.0,
    "ug_uncertainty_scale": 0.2,
    "ug_disagreement_scale": 0.1,
    "ug_sample_weight_scale": 0.0,
    "posthoc_temperature_scaling": false,
    "temp_scale_min": 0.5,
    "temp_scale_max": 5.0,
    "temp_scale_steps": 31,
    "seed": 22,
    "force_cpu": true,
    "physics_context": false,
    "capacity": 120000.0,
    "train_supervised_nodes": 1407,
    "target_meta": {
      "covered_train_nodes": 1407,
      "pseudo_attack_nodes": 0,
      "pseudo_benign_nodes": 0,
      "effective_train_nodes": 1407
    }
  }
}