{
  "best_epoch": 2,
  "best_val_f1": 0.9124797406807131,
  "best_threshold_raw": 0.19999998807907104,
  "best_threshold": 0.19999998807907104,
  "eval_temperature": 1.0,
  "temperature_scaling": {
    "enabled": false,
    "temperature": 1.0,
    "val_nll_raw": 0.0,
    "val_nll_calibrated": 0.0,
    "val_ece_raw": 0.0,
    "val_ece_calibrated": 0.0,
    "val_brier_raw": 0.0,
    "val_brier_calibrated": 0.0,
    "val_threshold_raw": 0.19999998807907104,
    "val_threshold_calibrated": 0.19999998807907104,
    "val_f1_raw": 0.9124797406807131,
    "val_f1_calibrated": 0.9124797406807131
  },
  "final_eval_raw": {
    "train": {
      "accuracy": 0.8928444286222855,
      "precision": 0.8703170028818443,
      "recall": 0.9831795984807379,
      "f1": 0.9233121019108279,
      "fpr": 0.2795031055900621,
      "ece": 0.1625048667192459,
      "brier": 0.10035382211208344,
      "tp": 1812,
      "fp": 270,
      "fn": 31,
      "tn": 696,
      "threshold": 0.19999998807907104,
      "temperature": 1.0
    },
    "val": {
      "accuracy": 0.8851063829787233,
      "precision": 0.8582317073170732,
      "recall": 0.9740484429065744,
      "f1": 0.9124797406807131,
      "fpr": 0.2569060773480663,
      "ece": 0.15980549156665802,
      "brier": 0.10656571388244629,
      "tp": 563,
      "fp": 93,
      "fn": 15,
      "tn": 269,
      "threshold": 0.19999998807907104,
      "temperature": 1.0
    },
    "test_random": {
      "accuracy": 0.8523206751054853,
      "precision": 0.8466165413533835,
      "recall": 0.9367720465890182,
      "f1": 0.8894154818325434,
      "fpr": 0.29394812680115273,
      "ece": 0.14193890988826752,
      "brier": 0.1415919065475464,
      "tp": 563,
      "fp": 102,
      "fn": 38,
      "tn": 245,
      "threshold": 0.19999998807907104,
      "temperature": 1.0
    },
    "test_temporal": {
      "accuracy": 0.8523206751054853,
      "precision": 0.8466165413533835,
      "recall": 0.9367720465890182,
      "f1": 0.8894154818325434,
      "fpr": 0.29394812680115273,
      "ece": 0.14193890988826752,
      "brier": 0.1415919065475464,
      "tp": 563,
      "fp": 102,
      "fn": 38,
      "tn": 245,
      "threshold": 0.19999998807907104,
      "temperature": 1.0
    }
  },
  "final_eval": {
    "train": {
      "accuracy": 0.8928444286222855,
      "precision": 0.8703170028818443,
      "recall": 0.9831795984807379,
      "f1": 0.9233121019108279,
      "fpr": 0.2795031055900621,
      "ece": 0.1625048667192459,
      "brier": 0.10035382211208344,
      "tp": 1812,
      "fp": 270,
      "fn": 31,
      "tn": 696,
      "threshold": 0.19999998807907104,
      "temperature": 1.0
    },
    "val": {
      "accuracy": 0.8851063829787233,
      "precision": 0.8582317073170732,
      "recall": 0.9740484429065744,
      "f1": 0.9124797406807131,
      "fpr": 0.2569060773480663,
      "ece": 0.15980549156665802,
      "brier": 0.10656571388244629,
      "tp": 563,
      "fp": 93,
      "fn": 15,
      "tn": 269,
      "threshold": 0.19999998807907104,
      "temperature": 1.0
    },
    "test_random": {
      "accuracy": 0.8523206751054853,
      "precision": 0.8466165413533835,
      "recall": 0.9367720465890182,
      "f1": 0.8894154818325434,
      "fpr": 0.29394812680115273,
      "ece": 0.14193890988826752,
      "brier": 0.1415919065475464,
      "tp": 563,
      "fp": 102,
      "fn": 38,
      "tn": 245,
      "threshold": 0.19999998807907104,
      "temperature": 1.0
    },
    "test_temporal": {
      "accuracy": 0.8523206751054853,
      "precision": 0.8466165413533835,
      "recall": 0.9367720465890182,
      "f1": 0.8894154818325434,
      "fpr": 0.29394812680115273,
      "ece": 0.14193890988826752,
      "brier": 0.1415919065475464,
      "tp": 563,
      "fp": 102,
      "fn": 38,
      "tn": 245,
      "threshold": 0.19999998807907104,
      "temperature": 1.0
    }
  },
  "group_names": {
    "0": "low_rho_low_uncertainty",
    "1": "low_rho_high_uncertainty",
    "2": "high_rho_low_uncertainty",
    "3": "high_rho_high_uncertainty"
  },
  "group_thresholds": {
    "uncertainty_mid": 0.7086440324783325,
    "rho_mid": 29.54306411743164
  },
  "prior_stats": {
    "source_prior": [],
    "target_prior": []
  },
  "history": {
    "train_loss": [
      0.928788423538208,
      0.6267140507698059,
      0.3824861943721771,
      0.22935673594474792,
      0.14810356497764587,
      0.10715880244970322,
      0.08504073321819305,
      0.0706174448132515,
      0.06586101651191711,
      0.0639270767569542
    ],
    "val_f1": [
      0.8959044368600684,
      0.9124797406807131,
      0.8922528940338378,
      0.8876909254267744,
      0.8859416445623343,
      0.8670944087992667
    ],
    "val_ece": [
      0.20535558462142944,
      0.15980549156665802,
      0.13127663731575012,
      0.10203573852777481,
      0.11508113145828247,
      0.1585567742586136
    ],
    "val_threshold": [
      0.3999999761581421,
      0.19999998807907104,
      0.14999999105930328,
      0.09999999403953552,
      0.05000000074505806,
      0.05000000074505806
    ],
    "base_loss": [
      0.928788423538208,
      0.6267140507698059,
      0.3824861943721771,
      0.22935673594474792,
      0.14810356497764587,
      0.10715880244970322,
      0.08504073321819305,
      0.0706174448132515,
      0.06586101651191711,
      0.0639270767569542
    ],
    "dro_loss": [
      0.0,
      0.0,
      0.0,
      0.0,
      0.0,
      0.0,
      0.0,
      0.0,
      0.0,
      0.0
    ]
  },
  "runtime_sec": 0.6993522644042969,
  "config": {
    "graph_file": "/home/user/FedSTGCN/cdro_suite/batch2_baselineplus_s3_v1/protocol_graphs/weak_topology_ood.pt",
    "method": "noisy_ce",
    "hidden_dim": 64,
    "heads": 4,
    "dropout": 0.3,
    "lr": 0.005,
    "weight_decay": 0.0005,
    "epochs": 10,
    "patience": 4,
    "lambda_dro": 0.5,
    "ug_temperature": 0.35,
    "ug_priority_loss_scale": 1.0,
    "ug_uncertainty_scale": 0.2,
    "ug_disagreement_scale": 0.1,
    "ug_sample_weight_scale": 0.0,
    "posthoc_temperature_scaling": false,
    "temp_scale_min": 0.5,
    "temp_scale_max": 5.0,
    "temp_scale_steps": 31,
    "seed": 33,
    "force_cpu": true,
    "physics_context": false,
    "capacity": 120000.0,
    "train_supervised_nodes": 1254,
    "target_meta": {
      "covered_train_nodes": 1254,
      "pseudo_attack_nodes": 0,
      "pseudo_benign_nodes": 0,
      "effective_train_nodes": 1254
    }
  }
}