{
  "best_epoch": 2,
  "best_val_f1": 0.9064837905236909,
  "best_threshold_raw": 0.14999999105930328,
  "best_threshold": 0.14999999105930328,
  "eval_temperature": 1.0,
  "temperature_scaling": {
    "enabled": false,
    "temperature": 1.0,
    "val_nll_raw": 0.0,
    "val_nll_calibrated": 0.0,
    "val_ece_raw": 0.0,
    "val_ece_calibrated": 0.0,
    "val_brier_raw": 0.0,
    "val_brier_calibrated": 0.0,
    "val_threshold_raw": 0.14999999105930328,
    "val_threshold_calibrated": 0.14999999105930328,
    "val_f1_raw": 0.9064837905236909,
    "val_f1_calibrated": 0.9064837905236909
  },
  "final_eval_raw": {
    "train": {
      "accuracy": 0.8602004876727174,
      "precision": 0.8614619211634137,
      "recall": 0.935966735966736,
      "f1": 0.8971701873256277,
      "fpr": 0.28149300155520995,
      "ece": 0.1712065190076828,
      "brier": 0.14108452200889587,
      "tp": 2251,
      "fp": 362,
      "fn": 154,
      "tn": 924,
      "threshold": 0.14999999105930328,
      "temperature": 1.0
    },
    "val": {
      "accuracy": 0.8736310025273799,
      "precision": 0.8706586826347306,
      "recall": 0.9453836150845254,
      "f1": 0.9064837905236909,
      "fpr": 0.2583732057416268,
      "ece": 0.17107483744621277,
      "brier": 0.13112181425094604,
      "tp": 727,
      "fp": 108,
      "fn": 42,
      "tn": 310,
      "threshold": 0.14999999105930328,
      "temperature": 1.0
    },
    "test_random": {
      "accuracy": 0.8678213309024613,
      "precision": 0.8530612244897959,
      "recall": 0.9442771084337349,
      "f1": 0.8963545389563975,
      "fpr": 0.24942263279445728,
      "ece": 0.1310400813817978,
      "brier": 0.10493549704551697,
      "tp": 627,
      "fp": 108,
      "fn": 37,
      "tn": 325,
      "threshold": 0.14999999105930328,
      "temperature": 1.0
    },
    "test_temporal": {
      "accuracy": 0.8678213309024613,
      "precision": 0.8530612244897959,
      "recall": 0.9442771084337349,
      "f1": 0.8963545389563975,
      "fpr": 0.24942263279445728,
      "ece": 0.1310400813817978,
      "brier": 0.10493549704551697,
      "tp": 627,
      "fp": 108,
      "fn": 37,
      "tn": 325,
      "threshold": 0.14999999105930328,
      "temperature": 1.0
    }
  },
  "final_eval": {
    "train": {
      "accuracy": 0.8602004876727174,
      "precision": 0.8614619211634137,
      "recall": 0.935966735966736,
      "f1": 0.8971701873256277,
      "fpr": 0.28149300155520995,
      "ece": 0.1712065190076828,
      "brier": 0.14108452200889587,
      "tp": 2251,
      "fp": 362,
      "fn": 154,
      "tn": 924,
      "threshold": 0.14999999105930328,
      "temperature": 1.0
    },
    "val": {
      "accuracy": 0.8736310025273799,
      "precision": 0.8706586826347306,
      "recall": 0.9453836150845254,
      "f1": 0.9064837905236909,
      "fpr": 0.2583732057416268,
      "ece": 0.17107483744621277,
      "brier": 0.13112181425094604,
      "tp": 727,
      "fp": 108,
      "fn": 42,
      "tn": 310,
      "threshold": 0.14999999105930328,
      "temperature": 1.0
    },
    "test_random": {
      "accuracy": 0.8678213309024613,
      "precision": 0.8530612244897959,
      "recall": 0.9442771084337349,
      "f1": 0.8963545389563975,
      "fpr": 0.24942263279445728,
      "ece": 0.1310400813817978,
      "brier": 0.10493549704551697,
      "tp": 627,
      "fp": 108,
      "fn": 37,
      "tn": 325,
      "threshold": 0.14999999105930328,
      "temperature": 1.0
    },
    "test_temporal": {
      "accuracy": 0.8678213309024613,
      "precision": 0.8530612244897959,
      "recall": 0.9442771084337349,
      "f1": 0.8963545389563975,
      "fpr": 0.24942263279445728,
      "ece": 0.1310400813817978,
      "brier": 0.10493549704551697,
      "tp": 627,
      "fp": 108,
      "fn": 37,
      "tn": 325,
      "threshold": 0.14999999105930328,
      "temperature": 1.0
    }
  },
  "group_names": {
    "0": "low_rho_low_uncertainty",
    "1": "low_rho_high_uncertainty",
    "2": "high_rho_low_uncertainty",
    "3": "high_rho_high_uncertainty"
  },
  "group_thresholds": {
    "uncertainty_mid": 0.8068378567695618,
    "rho_mid": 24.517658233642578
  },
  "prior_stats": {
    "source_prior": [],
    "target_prior": []
  },
  "history": {
    "train_loss": [
      0.7047465443611145,
      0.6219162344932556,
      0.590302586555481,
      0.587870717048645,
      0.582426905632019,
      0.5780931115150452,
      0.5760645866394043,
      0.5737669467926025,
      0.5737243890762329,
      0.5738896131515503
    ],
    "val_f1": [
      0.8843258042436688,
      0.9064837905236909,
      0.888599348534202,
      0.8647942521227956,
      0.8540051679586563,
      0.8452970297029703
    ],
    "val_ece": [
      0.2072238326072693,
      0.17107483744621277,
      0.21070906519889832,
      0.20345266163349152,
      0.19344443082809448,
      0.1781703382730484
    ],
    "val_threshold": [
      0.550000011920929,
      0.14999999105930328,
      0.19999998807907104,
      0.2499999850988388,
      0.29999998211860657,
      0.29999998211860657
    ],
    "base_loss": [
      0.6951860189437866,
      0.6026870608329773,
      0.5534254312515259,
      0.5442294478416443,
      0.5391920804977417,
      0.5384938716888428,
      0.5376134514808655,
      0.535988986492157,
      0.5373281240463257,
      0.5355067253112793
    ],
    "dro_loss": [
      0.7143070697784424,
      0.6411454081535339,
      0.627179741859436,
      0.6315120458602905,
      0.6256617307662964,
      0.6176923513412476,
      0.6145157217979431,
      0.6115449666976929,
      0.6101207137107849,
      0.6122725605964661
    ]
  },
  "runtime_sec": 0.8269803524017334,
  "config": {
    "graph_file": "/home/user/FedSTGCN/cdro_suite/main_baselineplus_s3_v1/protocol_graphs/weak_topology_ood.pt",
    "method": "cdro_fixed",
    "hidden_dim": 64,
    "heads": 4,
    "dropout": 0.3,
    "lr": 0.005,
    "weight_decay": 0.0005,
    "epochs": 10,
    "patience": 4,
    "lambda_dro": 0.5,
    "ug_temperature": 0.35,
    "ug_priority_loss_scale": 1.0,
    "ug_uncertainty_scale": 0.2,
    "ug_disagreement_scale": 0.1,
    "ug_sample_weight_scale": 0.0,
    "posthoc_temperature_scaling": false,
    "temp_scale_min": 0.5,
    "temp_scale_max": 5.0,
    "temp_scale_steps": 31,
    "seed": 11,
    "force_cpu": true,
    "physics_context": false,
    "capacity": 120000.0,
    "train_supervised_nodes": 1513,
    "target_meta": {
      "covered_train_nodes": 1513,
      "pseudo_attack_nodes": 0,
      "pseudo_benign_nodes": 0,
      "effective_train_nodes": 1513
    }
  }
}