{
  "best_epoch": 2,
  "best_val_f1": 0.9010321797207045,
  "best_threshold_raw": 0.09999999403953552,
  "best_threshold": 0.09999999403953552,
  "eval_temperature": 1.0,
  "temperature_scaling": {
    "enabled": false,
    "temperature": 1.0,
    "val_nll_raw": 0.0,
    "val_nll_calibrated": 0.0,
    "val_ece_raw": 0.0,
    "val_ece_calibrated": 0.0,
    "val_brier_raw": 0.0,
    "val_brier_calibrated": 0.0,
    "val_threshold_raw": 0.09999999403953552,
    "val_threshold_calibrated": 0.09999999403953552,
    "val_f1_raw": 0.9010321797207045,
    "val_f1_calibrated": 0.9010321797207045
  },
  "final_eval_raw": {
    "train": {
      "accuracy": 0.8458412354375509,
      "precision": 0.8379970544918999,
      "recall": 0.9463617463617464,
      "f1": 0.888888888888889,
      "fpr": 0.3421461897356143,
      "ece": 0.13800758123397827,
      "brier": 0.13487456738948822,
      "tp": 2276,
      "fp": 440,
      "fn": 129,
      "tn": 846,
      "threshold": 0.09999999403953552,
      "temperature": 1.0
    },
    "val": {
      "accuracy": 0.8626790227464195,
      "precision": 0.8451025056947609,
      "recall": 0.9648894668400521,
      "f1": 0.9010321797207045,
      "fpr": 0.3253588516746411,
      "ece": 0.13238711655139923,
      "brier": 0.12336452305316925,
      "tp": 742,
      "fp": 136,
      "fn": 27,
      "tn": 282,
      "threshold": 0.09999999403953552,
      "temperature": 1.0
    },
    "test_random": {
      "accuracy": 0.8514129443938013,
      "precision": 0.8240620957309185,
      "recall": 0.9593373493975904,
      "f1": 0.8865692414752958,
      "fpr": 0.3140877598152425,
      "ece": 0.09075842797756195,
      "brier": 0.09540285915136337,
      "tp": 637,
      "fp": 136,
      "fn": 27,
      "tn": 297,
      "threshold": 0.09999999403953552,
      "temperature": 1.0
    },
    "test_temporal": {
      "accuracy": 0.8514129443938013,
      "precision": 0.8240620957309185,
      "recall": 0.9593373493975904,
      "f1": 0.8865692414752958,
      "fpr": 0.3140877598152425,
      "ece": 0.09075842797756195,
      "brier": 0.09540285915136337,
      "tp": 637,
      "fp": 136,
      "fn": 27,
      "tn": 297,
      "threshold": 0.09999999403953552,
      "temperature": 1.0
    }
  },
  "final_eval": {
    "train": {
      "accuracy": 0.8458412354375509,
      "precision": 0.8379970544918999,
      "recall": 0.9463617463617464,
      "f1": 0.888888888888889,
      "fpr": 0.3421461897356143,
      "ece": 0.13800758123397827,
      "brier": 0.13487456738948822,
      "tp": 2276,
      "fp": 440,
      "fn": 129,
      "tn": 846,
      "threshold": 0.09999999403953552,
      "temperature": 1.0
    },
    "val": {
      "accuracy": 0.8626790227464195,
      "precision": 0.8451025056947609,
      "recall": 0.9648894668400521,
      "f1": 0.9010321797207045,
      "fpr": 0.3253588516746411,
      "ece": 0.13238711655139923,
      "brier": 0.12336452305316925,
      "tp": 742,
      "fp": 136,
      "fn": 27,
      "tn": 282,
      "threshold": 0.09999999403953552,
      "temperature": 1.0
    },
    "test_random": {
      "accuracy": 0.8514129443938013,
      "precision": 0.8240620957309185,
      "recall": 0.9593373493975904,
      "f1": 0.8865692414752958,
      "fpr": 0.3140877598152425,
      "ece": 0.09075842797756195,
      "brier": 0.09540285915136337,
      "tp": 637,
      "fp": 136,
      "fn": 27,
      "tn": 297,
      "threshold": 0.09999999403953552,
      "temperature": 1.0
    },
    "test_temporal": {
      "accuracy": 0.8514129443938013,
      "precision": 0.8240620957309185,
      "recall": 0.9593373493975904,
      "f1": 0.8865692414752958,
      "fpr": 0.3140877598152425,
      "ece": 0.09075842797756195,
      "brier": 0.09540285915136337,
      "tp": 637,
      "fp": 136,
      "fn": 27,
      "tn": 297,
      "threshold": 0.09999999403953552,
      "temperature": 1.0
    }
  },
  "group_names": {
    "0": "low_rho_low_uncertainty",
    "1": "low_rho_high_uncertainty",
    "2": "high_rho_low_uncertainty",
    "3": "high_rho_high_uncertainty"
  },
  "group_thresholds": {
    "uncertainty_mid": 0.8068378567695618,
    "rho_mid": 24.517658233642578
  },
  "prior_stats": {
    "source_prior": [],
    "target_prior": []
  },
  "history": {
    "train_loss": [
      0.7820807099342346,
      0.5258815884590149,
      0.3113684356212616,
      0.18679052591323853,
      0.12569667398929596,
      0.09892760217189789,
      0.07755358517169952,
      0.05914280563592911,
      0.06286832690238953,
      0.05824588984251022
    ],
    "val_f1": [
      0.884848484848485,
      0.9010321797207045,
      0.8939863608183508,
      0.853872053872054,
      0.8393574297188755,
      0.8336700336700337
    ],
    "val_ece": [
      0.19925804436206818,
      0.13238711655139923,
      0.13130824267864227,
      0.1428765505552292,
      0.17992573976516724,
      0.19208751618862152
    ],
    "val_threshold": [
      0.44999998807907104,
      0.09999999403953552,
      0.05000000074505806,
      0.09999999403953552,
      0.05000000074505806,
      0.05000000074505806
    ],
    "base_loss": [
      0.7820807099342346,
      0.5258815884590149,
      0.3113684356212616,
      0.18679052591323853,
      0.12569667398929596,
      0.09892760217189789,
      0.07755358517169952,
      0.05914280563592911,
      0.06286832690238953,
      0.05824588984251022
    ],
    "dro_loss": [
      0.0,
      0.0,
      0.0,
      0.0,
      0.0,
      0.0,
      0.0,
      0.0,
      0.0,
      0.0
    ]
  },
  "runtime_sec": 0.8677072525024414,
  "config": {
    "graph_file": "/home/user/FedSTGCN/cdro_suite/main_baselineplus_s3_v1/protocol_graphs/weak_topology_ood.pt",
    "method": "noisy_ce",
    "hidden_dim": 64,
    "heads": 4,
    "dropout": 0.3,
    "lr": 0.005,
    "weight_decay": 0.0005,
    "epochs": 10,
    "patience": 4,
    "lambda_dro": 0.5,
    "ug_temperature": 0.35,
    "ug_priority_loss_scale": 1.0,
    "ug_uncertainty_scale": 0.2,
    "ug_disagreement_scale": 0.1,
    "ug_sample_weight_scale": 0.0,
    "posthoc_temperature_scaling": false,
    "temp_scale_min": 0.5,
    "temp_scale_max": 5.0,
    "temp_scale_steps": 31,
    "seed": 11,
    "force_cpu": true,
    "physics_context": false,
    "capacity": 120000.0,
    "train_supervised_nodes": 1513,
    "target_meta": {
      "covered_train_nodes": 1513,
      "pseudo_attack_nodes": 0,
      "pseudo_benign_nodes": 0,
      "effective_train_nodes": 1513
    }
  }
}