{
  "best_epoch": 3,
  "best_val_f1": 0.8978365384615384,
  "best_threshold_raw": 0.05000000074505806,
  "best_threshold": 0.05000000074505806,
  "eval_temperature": 1.0,
  "temperature_scaling": {
    "enabled": false,
    "temperature": 1.0,
    "val_nll_raw": 0.0,
    "val_nll_calibrated": 0.0,
    "val_ece_raw": 0.0,
    "val_ece_calibrated": 0.0,
    "val_brier_raw": 0.0,
    "val_brier_calibrated": 0.0,
    "val_threshold_raw": 0.05000000074505806,
    "val_threshold_calibrated": 0.05000000074505806,
    "val_f1_raw": 0.8978365384615384,
    "val_f1_calibrated": 0.8978365384615384
  },
  "final_eval_raw": {
    "train": {
      "accuracy": 0.8412354375507992,
      "precision": 0.8265709156193896,
      "recall": 0.9571725571725572,
      "f1": 0.8870905587668593,
      "fpr": 0.37558320373250387,
      "ece": 0.12158525735139847,
      "brier": 0.1508432775735855,
      "tp": 2302,
      "fp": 483,
      "fn": 103,
      "tn": 803,
      "threshold": 0.05000000074505806,
      "temperature": 1.0
    },
    "val": {
      "accuracy": 0.8567818028643639,
      "precision": 0.8346368715083798,
      "recall": 0.9713914174252276,
      "f1": 0.8978365384615384,
      "fpr": 0.35406698564593303,
      "ece": 0.11574435234069824,
      "brier": 0.13976170122623444,
      "tp": 747,
      "fp": 148,
      "fn": 22,
      "tn": 270,
      "threshold": 0.05000000074505806,
      "temperature": 1.0
    },
    "test_random": {
      "accuracy": 0.8176845943482224,
      "precision": 0.7951653944020356,
      "recall": 0.9412650602409639,
      "f1": 0.8620689655172413,
      "fpr": 0.371824480369515,
      "ece": 0.07555714249610901,
      "brier": 0.10826792567968369,
      "tp": 625,
      "fp": 161,
      "fn": 39,
      "tn": 272,
      "threshold": 0.05000000074505806,
      "temperature": 1.0
    },
    "test_temporal": {
      "accuracy": 0.8176845943482224,
      "precision": 0.7951653944020356,
      "recall": 0.9412650602409639,
      "f1": 0.8620689655172413,
      "fpr": 0.371824480369515,
      "ece": 0.07555714249610901,
      "brier": 0.10826792567968369,
      "tp": 625,
      "fp": 161,
      "fn": 39,
      "tn": 272,
      "threshold": 0.05000000074505806,
      "temperature": 1.0
    }
  },
  "final_eval": {
    "train": {
      "accuracy": 0.8412354375507992,
      "precision": 0.8265709156193896,
      "recall": 0.9571725571725572,
      "f1": 0.8870905587668593,
      "fpr": 0.37558320373250387,
      "ece": 0.12158525735139847,
      "brier": 0.1508432775735855,
      "tp": 2302,
      "fp": 483,
      "fn": 103,
      "tn": 803,
      "threshold": 0.05000000074505806,
      "temperature": 1.0
    },
    "val": {
      "accuracy": 0.8567818028643639,
      "precision": 0.8346368715083798,
      "recall": 0.9713914174252276,
      "f1": 0.8978365384615384,
      "fpr": 0.35406698564593303,
      "ece": 0.11574435234069824,
      "brier": 0.13976170122623444,
      "tp": 747,
      "fp": 148,
      "fn": 22,
      "tn": 270,
      "threshold": 0.05000000074505806,
      "temperature": 1.0
    },
    "test_random": {
      "accuracy": 0.8176845943482224,
      "precision": 0.7951653944020356,
      "recall": 0.9412650602409639,
      "f1": 0.8620689655172413,
      "fpr": 0.371824480369515,
      "ece": 0.07555714249610901,
      "brier": 0.10826792567968369,
      "tp": 625,
      "fp": 161,
      "fn": 39,
      "tn": 272,
      "threshold": 0.05000000074505806,
      "temperature": 1.0
    },
    "test_temporal": {
      "accuracy": 0.8176845943482224,
      "precision": 0.7951653944020356,
      "recall": 0.9412650602409639,
      "f1": 0.8620689655172413,
      "fpr": 0.371824480369515,
      "ece": 0.07555714249610901,
      "brier": 0.10826792567968369,
      "tp": 625,
      "fp": 161,
      "fn": 39,
      "tn": 272,
      "threshold": 0.05000000074505806,
      "temperature": 1.0
    }
  },
  "group_names": {
    "0": "low_rho_low_uncertainty",
    "1": "low_rho_high_uncertainty",
    "2": "high_rho_low_uncertainty",
    "3": "high_rho_high_uncertainty"
  },
  "group_thresholds": {
    "uncertainty_mid": 0.8068378567695618,
    "rho_mid": 24.517658233642578
  },
  "prior_stats": {
    "source_prior": [
      0.5093448162078857,
      0.49065521359443665
    ],
    "target_prior": [
      0.5188516974449158,
      0.48114830255508423
    ]
  },
  "history": {
    "train_loss": [
      0.7050719261169434,
      0.5257902145385742,
      0.4013257622718811,
      0.35593485832214355,
      0.34445375204086304,
      0.339049756526947,
      0.32846927642822266,
      0.3222072720527649,
      0.3250395655632019,
      0.32356810569763184
    ],
    "val_f1": [
      0.8847184986595173,
      0.8955582232893157,
      0.8978365384615384,
      0.8774752475247525,
      0.8510911424903722,
      0.8356867779204107
    ],
    "val_ece": [
      0.19776363670825958,
      0.12919533252716064,
      0.11574435234069824,
      0.12079456448554993,
      0.15169140696525574,
      0.16460290551185608
    ],
    "val_threshold": [
      0.44999998807907104,
      0.09999999403953552,
      0.05000000074505806,
      0.05000000074505806,
      0.09999999403953552,
      0.14999999105930328
    ],
    "base_loss": [
      0.7038748264312744,
      0.5228474736213684,
      0.39546456933021545,
      0.3455347418785095,
      0.3305341899394989,
      0.32653602957725525,
      0.31735333800315857,
      0.3108331859111786,
      0.3147679269313812,
      0.3134427070617676
    ],
    "dro_loss": [
      0.7062690854072571,
      0.5287328958511353,
      0.40718692541122437,
      0.3663350045681,
      0.3583733141422272,
      0.3515634834766388,
      0.33958524465560913,
      0.3335813283920288,
      0.33531123399734497,
      0.3336934745311737
    ]
  },
  "runtime_sec": 0.8755700588226318,
  "config": {
    "graph_file": "/home/user/FedSTGCN/cdro_suite/main_baselineplus_s3_v1/protocol_graphs/weak_topology_ood.pt",
    "method": "cdro_ug_priorcorr",
    "hidden_dim": 64,
    "heads": 4,
    "dropout": 0.3,
    "lr": 0.005,
    "weight_decay": 0.0005,
    "epochs": 10,
    "patience": 4,
    "lambda_dro": 0.5,
    "ug_temperature": 0.35,
    "ug_priority_loss_scale": 1.0,
    "ug_uncertainty_scale": 0.2,
    "ug_disagreement_scale": 0.1,
    "ug_sample_weight_scale": 0.0,
    "posthoc_temperature_scaling": false,
    "temp_scale_min": 0.5,
    "temp_scale_max": 5.0,
    "temp_scale_steps": 31,
    "seed": 11,
    "force_cpu": true,
    "physics_context": false,
    "capacity": 120000.0,
    "train_supervised_nodes": 1513,
    "target_meta": {
      "covered_train_nodes": 1513,
      "pseudo_attack_nodes": 0,
      "pseudo_benign_nodes": 0,
      "effective_train_nodes": 1513
    }
  }
}