{
  "best_epoch": 3,
  "best_val_f1": 0.9273301737756714,
  "best_threshold_raw": 0.09999999403953552,
  "best_threshold": 0.09999999403953552,
  "eval_temperature": 1.0,
  "temperature_scaling": {
    "enabled": false,
    "temperature": 1.0,
    "val_nll_raw": 0.0,
    "val_nll_calibrated": 0.0,
    "val_ece_raw": 0.0,
    "val_ece_calibrated": 0.0,
    "val_brier_raw": 0.0,
    "val_brier_calibrated": 0.0,
    "val_threshold_raw": 0.09999999403953552,
    "val_threshold_calibrated": 0.09999999403953552,
    "val_f1_raw": 0.9273301737756714,
    "val_f1_calibrated": 0.9273301737756714
  },
  "final_eval_raw": {
    "train": {
      "accuracy": 0.8924769339957417,
      "precision": 0.9077172153264975,
      "recall": 0.9272326350606395,
      "f1": 0.9173711480774475,
      "fpr": 0.17031872509960158,
      "ece": 0.14957013726234436,
      "brier": 0.13667701184749603,
      "tp": 1682,
      "fp": 171,
      "fn": 132,
      "tn": 833,
      "threshold": 0.09999999403953552,
      "temperature": 1.0
    },
    "val": {
      "accuracy": 0.902542372881356,
      "precision": 0.9086687306501547,
      "recall": 0.9467741935483871,
      "f1": 0.9273301737756714,
      "fpr": 0.18209876543209877,
      "ece": 0.13256879150867462,
      "brier": 0.12137258052825928,
      "tp": 587,
      "fp": 59,
      "fn": 33,
      "tn": 265,
      "threshold": 0.09999999403953552,
      "temperature": 1.0
    },
    "test_random": {
      "accuracy": 0.8245989304812834,
      "precision": 0.8117647058823529,
      "recall": 0.9387755102040817,
      "f1": 0.8706624605678234,
      "fpr": 0.3688760806916426,
      "ece": 0.07945919036865234,
      "brier": 0.11738043278455734,
      "tp": 552,
      "fp": 128,
      "fn": 36,
      "tn": 219,
      "threshold": 0.09999999403953552,
      "temperature": 1.0
    },
    "test_temporal": {
      "accuracy": 0.8245989304812834,
      "precision": 0.8117647058823529,
      "recall": 0.9387755102040817,
      "f1": 0.8706624605678234,
      "fpr": 0.3688760806916426,
      "ece": 0.07945919036865234,
      "brier": 0.11738043278455734,
      "tp": 552,
      "fp": 128,
      "fn": 36,
      "tn": 219,
      "threshold": 0.09999999403953552,
      "temperature": 1.0
    }
  },
  "final_eval": {
    "train": {
      "accuracy": 0.8924769339957417,
      "precision": 0.9077172153264975,
      "recall": 0.9272326350606395,
      "f1": 0.9173711480774475,
      "fpr": 0.17031872509960158,
      "ece": 0.14957013726234436,
      "brier": 0.13667701184749603,
      "tp": 1682,
      "fp": 171,
      "fn": 132,
      "tn": 833,
      "threshold": 0.09999999403953552,
      "temperature": 1.0
    },
    "val": {
      "accuracy": 0.902542372881356,
      "precision": 0.9086687306501547,
      "recall": 0.9467741935483871,
      "f1": 0.9273301737756714,
      "fpr": 0.18209876543209877,
      "ece": 0.13256879150867462,
      "brier": 0.12137258052825928,
      "tp": 587,
      "fp": 59,
      "fn": 33,
      "tn": 265,
      "threshold": 0.09999999403953552,
      "temperature": 1.0
    },
    "test_random": {
      "accuracy": 0.8245989304812834,
      "precision": 0.8117647058823529,
      "recall": 0.9387755102040817,
      "f1": 0.8706624605678234,
      "fpr": 0.3688760806916426,
      "ece": 0.07945919036865234,
      "brier": 0.11738043278455734,
      "tp": 552,
      "fp": 128,
      "fn": 36,
      "tn": 219,
      "threshold": 0.09999999403953552,
      "temperature": 1.0
    },
    "test_temporal": {
      "accuracy": 0.8245989304812834,
      "precision": 0.8117647058823529,
      "recall": 0.9387755102040817,
      "f1": 0.8706624605678234,
      "fpr": 0.3688760806916426,
      "ece": 0.07945919036865234,
      "brier": 0.11738043278455734,
      "tp": 552,
      "fp": 128,
      "fn": 36,
      "tn": 219,
      "threshold": 0.09999999403953552,
      "temperature": 1.0
    }
  },
  "group_names": {
    "0": "low_rho_low_uncertainty",
    "1": "low_rho_high_uncertainty",
    "2": "high_rho_low_uncertainty",
    "3": "high_rho_high_uncertainty"
  },
  "group_thresholds": {
    "uncertainty_mid": 0.701879620552063,
    "rho_mid": 27.268836975097656
  },
  "prior_stats": {
    "source_prior": [
      0.6407761573791504,
      0.359223872423172
    ],
    "target_prior": [
      0.5454248189926147,
      0.45457521080970764
    ]
  },
  "history": {
    "train_loss": [
      0.7452295422554016,
      0.5644186735153198,
      0.44814425706863403,
      0.41094642877578735,
      0.40517884492874146,
      0.3964281678199768,
      0.39695584774017334,
      0.38941967487335205,
      0.3797459006309509,
      0.38301557302474976
    ],
    "val_f1": [
      0.9255150554675119,
      0.9107142857142857,
      0.9273301737756714,
      0.9022185702547247,
      0.9180064308681672,
      0.9007383100902379
    ],
    "val_ece": [
      0.27977439761161804,
      0.15885566174983978,
      0.13256879150867462,
      0.10560721158981323,
      0.0912381112575531,
      0.12522073090076447
    ],
    "val_threshold": [
      0.3499999940395355,
      0.19999998807907104,
      0.09999999403953552,
      0.09999999403953552,
      0.09999999403953552,
      0.14999999105930328
    ],
    "base_loss": [
      0.7421017289161682,
      0.5635492205619812,
      0.44469013810157776,
      0.4041696786880493,
      0.3941568434238434,
      0.3853488266468048,
      0.3858041763305664,
      0.37883850932121277,
      0.3708359897136688,
      0.37303438782691956
    ],
    "dro_loss": [
      0.748357355594635,
      0.5652880668640137,
      0.4515983462333679,
      0.4177232086658478,
      0.41620081663131714,
      0.4075075387954712,
      0.4081074893474579,
      0.40000081062316895,
      0.3886558413505554,
      0.39299678802490234
    ]
  },
  "runtime_sec": 0.7109596729278564,
  "config": {
    "graph_file": "/home/user/FedSTGCN/cdro_suite/batch2_baselineplus_s3_v1/protocol_graphs/weak_temporal_ood.pt",
    "method": "cdro_ug_priorcorr",
    "hidden_dim": 64,
    "heads": 4,
    "dropout": 0.3,
    "lr": 0.005,
    "weight_decay": 0.0005,
    "epochs": 10,
    "patience": 4,
    "lambda_dro": 0.5,
    "ug_temperature": 0.35,
    "ug_priority_loss_scale": 1.0,
    "ug_uncertainty_scale": 0.2,
    "ug_disagreement_scale": 0.1,
    "ug_sample_weight_scale": 0.0,
    "posthoc_temperature_scaling": false,
    "temp_scale_min": 0.5,
    "temp_scale_max": 5.0,
    "temp_scale_steps": 31,
    "seed": 33,
    "force_cpu": true,
    "physics_context": false,
    "capacity": 120000.0,
    "train_supervised_nodes": 1272,
    "target_meta": {
      "covered_train_nodes": 1272,
      "pseudo_attack_nodes": 0,
      "pseudo_benign_nodes": 0,
      "effective_train_nodes": 1272
    }
  }
}