{
  "best_epoch": 2,
  "best_val_f1": 0.9108589951377634,
  "best_threshold_raw": 0.09999999403953552,
  "best_threshold": 0.09999999403953552,
  "eval_temperature": 1.0,
  "temperature_scaling": {
    "enabled": false,
    "temperature": 1.0,
    "val_nll_raw": 0.0,
    "val_nll_calibrated": 0.0,
    "val_ece_raw": 0.0,
    "val_ece_calibrated": 0.0,
    "val_brier_raw": 0.0,
    "val_brier_calibrated": 0.0,
    "val_threshold_raw": 0.09999999403953552,
    "val_threshold_calibrated": 0.09999999403953552,
    "val_f1_raw": 0.9108589951377634,
    "val_f1_calibrated": 0.9108589951377634
  },
  "final_eval_raw": {
    "train": {
      "accuracy": 0.9077199281867145,
      "precision": 0.9398674242424242,
      "recall": 0.9385342789598109,
      "f1": 0.9392003785190443,
      "fpr": 0.18955223880597014,
      "ece": 0.2899003326892853,
      "brier": 0.19375458359718323,
      "tp": 1985,
      "fp": 127,
      "fn": 130,
      "tn": 543,
      "threshold": 0.09999999403953552,
      "temperature": 1.0
    },
    "val": {
      "accuracy": 0.9005424954792043,
      "precision": 0.8920634920634921,
      "recall": 0.9304635761589404,
      "f1": 0.9108589951377634,
      "fpr": 0.13545816733067728,
      "ece": 0.1611017882823944,
      "brier": 0.1257229596376419,
      "tp": 281,
      "fp": 34,
      "fn": 21,
      "tn": 217,
      "threshold": 0.09999999403953552,
      "temperature": 1.0
    },
    "test_random": {
      "accuracy": 0.8432671081677704,
      "precision": 0.7599469496021221,
      "recall": 0.947107438016529,
      "f1": 0.8432671081677704,
      "fpr": 0.24005305039787797,
      "ece": 0.09145958721637726,
      "brier": 0.10754352062940598,
      "tp": 573,
      "fp": 181,
      "fn": 32,
      "tn": 573,
      "threshold": 0.09999999403953552,
      "temperature": 1.0
    },
    "test_temporal": {
      "accuracy": 0.8432671081677704,
      "precision": 0.7599469496021221,
      "recall": 0.947107438016529,
      "f1": 0.8432671081677704,
      "fpr": 0.24005305039787797,
      "ece": 0.09145958721637726,
      "brier": 0.10754352062940598,
      "tp": 573,
      "fp": 181,
      "fn": 32,
      "tn": 573,
      "threshold": 0.09999999403953552,
      "temperature": 1.0
    }
  },
  "final_eval": {
    "train": {
      "accuracy": 0.9077199281867145,
      "precision": 0.9398674242424242,
      "recall": 0.9385342789598109,
      "f1": 0.9392003785190443,
      "fpr": 0.18955223880597014,
      "ece": 0.2899003326892853,
      "brier": 0.19375458359718323,
      "tp": 1985,
      "fp": 127,
      "fn": 130,
      "tn": 543,
      "threshold": 0.09999999403953552,
      "temperature": 1.0
    },
    "val": {
      "accuracy": 0.9005424954792043,
      "precision": 0.8920634920634921,
      "recall": 0.9304635761589404,
      "f1": 0.9108589951377634,
      "fpr": 0.13545816733067728,
      "ece": 0.1611017882823944,
      "brier": 0.1257229596376419,
      "tp": 281,
      "fp": 34,
      "fn": 21,
      "tn": 217,
      "threshold": 0.09999999403953552,
      "temperature": 1.0
    },
    "test_random": {
      "accuracy": 0.8432671081677704,
      "precision": 0.7599469496021221,
      "recall": 0.947107438016529,
      "f1": 0.8432671081677704,
      "fpr": 0.24005305039787797,
      "ece": 0.09145958721637726,
      "brier": 0.10754352062940598,
      "tp": 573,
      "fp": 181,
      "fn": 32,
      "tn": 573,
      "threshold": 0.09999999403953552,
      "temperature": 1.0
    },
    "test_temporal": {
      "accuracy": 0.8432671081677704,
      "precision": 0.7599469496021221,
      "recall": 0.947107438016529,
      "f1": 0.8432671081677704,
      "fpr": 0.24005305039787797,
      "ece": 0.09145958721637726,
      "brier": 0.10754352062940598,
      "tp": 573,
      "fp": 181,
      "fn": 32,
      "tn": 573,
      "threshold": 0.09999999403953552,
      "temperature": 1.0
    }
  },
  "group_names": {
    "0": "low_rho_low_uncertainty",
    "1": "low_rho_high_uncertainty",
    "2": "high_rho_low_uncertainty",
    "3": "high_rho_high_uncertainty"
  },
  "group_thresholds": {
    "uncertainty_mid": 0.7346910238265991,
    "rho_mid": 27.279558181762695
  },
  "prior_stats": {
    "source_prior": [],
    "target_prior": []
  },
  "history": {
    "train_loss": [
      0.6880084276199341,
      0.5766534209251404,
      0.5384056568145752,
      0.5354347825050354,
      0.5328592658042908,
      0.5254242420196533,
      0.5258934497833252,
      0.5252680778503418,
      0.5213372111320496,
      0.5211875438690186
    ],
    "val_f1": [
      0.8974789915966387,
      0.9108589951377634,
      0.9021558872305141,
      0.8922056384742952,
      0.8896434634974533,
      0.8846815834767642
    ],
    "val_ece": [
      0.23665007948875427,
      0.1611017882823944,
      0.10463332384824753,
      0.14155375957489014,
      0.16399255394935608,
      0.1607496738433838
    ],
    "val_threshold": [
      0.3499999940395355,
      0.09999999403953552,
      0.14999999105930328,
      0.19999998807907104,
      0.29999998211860657,
      0.2499999850988388
    ],
    "base_loss": [
      0.6880084276199341,
      0.5766534209251404,
      0.5384056568145752,
      0.5354347825050354,
      0.5328592658042908,
      0.5254242420196533,
      0.5258934497833252,
      0.5252680778503418,
      0.5213372111320496,
      0.5211875438690186
    ],
    "dro_loss": [
      0.0,
      0.0,
      0.0,
      0.0,
      0.0,
      0.0,
      0.0,
      0.0,
      0.0,
      0.0
    ]
  },
  "runtime_sec": 0.672374963760376,
  "config": {
    "graph_file": "/home/user/FedSTGCN/cdro_suite/batch2_baselineplus_s3_v1/protocol_graphs/label_prior_shift_ood.pt",
    "method": "posterior_ce",
    "hidden_dim": 64,
    "heads": 4,
    "dropout": 0.3,
    "lr": 0.005,
    "weight_decay": 0.0005,
    "epochs": 10,
    "patience": 4,
    "lambda_dro": 0.5,
    "ug_temperature": 0.35,
    "ug_priority_loss_scale": 1.0,
    "ug_uncertainty_scale": 0.2,
    "ug_disagreement_scale": 0.1,
    "ug_sample_weight_scale": 0.0,
    "posthoc_temperature_scaling": false,
    "temp_scale_min": 0.5,
    "temp_scale_max": 5.0,
    "temp_scale_steps": 31,
    "seed": 11,
    "force_cpu": true,
    "physics_context": false,
    "capacity": 120000.0,
    "train_supervised_nodes": 1070,
    "target_meta": {
      "covered_train_nodes": 1070,
      "pseudo_attack_nodes": 0,
      "pseudo_benign_nodes": 0,
      "effective_train_nodes": 1070
    }
  }
}