{
  "best_epoch": 2,
  "best_val_f1": 0.9351481184947958,
  "best_threshold_raw": 0.09999999403953552,
  "best_threshold": 0.09999999403953552,
  "eval_temperature": 1.0,
  "temperature_scaling": {
    "enabled": false,
    "temperature": 1.0,
    "val_nll_raw": 0.0,
    "val_nll_calibrated": 0.0,
    "val_ece_raw": 0.0,
    "val_ece_calibrated": 0.0,
    "val_brier_raw": 0.0,
    "val_brier_calibrated": 0.0,
    "val_threshold_raw": 0.09999999403953552,
    "val_threshold_calibrated": 0.09999999403953552,
    "val_f1_raw": 0.9351481184947958,
    "val_f1_calibrated": 0.9351481184947958
  },
  "final_eval_raw": {
    "train": {
      "accuracy": 0.904542228530873,
      "precision": 0.9237520570488206,
      "recall": 0.9283351708930541,
      "f1": 0.926037943359912,
      "fpr": 0.13844621513944222,
      "ece": 0.2565963566303253,
      "brier": 0.17989914119243622,
      "tp": 1684,
      "fp": 139,
      "fn": 130,
      "tn": 865,
      "threshold": 0.09999999403953552,
      "temperature": 1.0
    },
    "val": {
      "accuracy": 0.9141949152542372,
      "precision": 0.9284578696343402,
      "recall": 0.9419354838709677,
      "f1": 0.9351481184947958,
      "fpr": 0.1388888888888889,
      "ece": 0.2498859316110611,
      "brier": 0.16901780664920807,
      "tp": 584,
      "fp": 45,
      "fn": 36,
      "tn": 279,
      "threshold": 0.09999999403953552,
      "temperature": 1.0
    },
    "test_random": {
      "accuracy": 0.8470588235294118,
      "precision": 0.8376327769347496,
      "recall": 0.9387755102040817,
      "f1": 0.8853247794707296,
      "fpr": 0.30835734870317005,
      "ece": 0.18706873059272766,
      "brier": 0.14579185843467712,
      "tp": 552,
      "fp": 107,
      "fn": 36,
      "tn": 240,
      "threshold": 0.09999999403953552,
      "temperature": 1.0
    },
    "test_temporal": {
      "accuracy": 0.8470588235294118,
      "precision": 0.8376327769347496,
      "recall": 0.9387755102040817,
      "f1": 0.8853247794707296,
      "fpr": 0.30835734870317005,
      "ece": 0.18706873059272766,
      "brier": 0.14579185843467712,
      "tp": 552,
      "fp": 107,
      "fn": 36,
      "tn": 240,
      "threshold": 0.09999999403953552,
      "temperature": 1.0
    }
  },
  "final_eval": {
    "train": {
      "accuracy": 0.904542228530873,
      "precision": 0.9237520570488206,
      "recall": 0.9283351708930541,
      "f1": 0.926037943359912,
      "fpr": 0.13844621513944222,
      "ece": 0.2565963566303253,
      "brier": 0.17989914119243622,
      "tp": 1684,
      "fp": 139,
      "fn": 130,
      "tn": 865,
      "threshold": 0.09999999403953552,
      "temperature": 1.0
    },
    "val": {
      "accuracy": 0.9141949152542372,
      "precision": 0.9284578696343402,
      "recall": 0.9419354838709677,
      "f1": 0.9351481184947958,
      "fpr": 0.1388888888888889,
      "ece": 0.2498859316110611,
      "brier": 0.16901780664920807,
      "tp": 584,
      "fp": 45,
      "fn": 36,
      "tn": 279,
      "threshold": 0.09999999403953552,
      "temperature": 1.0
    },
    "test_random": {
      "accuracy": 0.8470588235294118,
      "precision": 0.8376327769347496,
      "recall": 0.9387755102040817,
      "f1": 0.8853247794707296,
      "fpr": 0.30835734870317005,
      "ece": 0.18706873059272766,
      "brier": 0.14579185843467712,
      "tp": 552,
      "fp": 107,
      "fn": 36,
      "tn": 240,
      "threshold": 0.09999999403953552,
      "temperature": 1.0
    },
    "test_temporal": {
      "accuracy": 0.8470588235294118,
      "precision": 0.8376327769347496,
      "recall": 0.9387755102040817,
      "f1": 0.8853247794707296,
      "fpr": 0.30835734870317005,
      "ece": 0.18706873059272766,
      "brier": 0.14579185843467712,
      "tp": 552,
      "fp": 107,
      "fn": 36,
      "tn": 240,
      "threshold": 0.09999999403953552,
      "temperature": 1.0
    }
  },
  "group_names": {
    "0": "low_rho_low_uncertainty",
    "1": "low_rho_high_uncertainty",
    "2": "high_rho_low_uncertainty",
    "3": "high_rho_high_uncertainty"
  },
  "group_thresholds": {
    "uncertainty_mid": 0.701879620552063,
    "rho_mid": 27.268836975097656
  },
  "prior_stats": {
    "source_prior": [],
    "target_prior": []
  },
  "history": {
    "train_loss": [
      0.6796203255653381,
      0.5649183988571167,
      0.5426931381225586,
      0.5242751240730286,
      0.5278591513633728,
      0.5226940512657166,
      0.520168662071228,
      0.5183269381523132,
      0.514144778251648,
      0.5140878558158875
    ],
    "val_f1": [
      0.923310554290053,
      0.9351481184947958,
      0.9249201277955272,
      0.9174757281553398,
      0.9204545454545454,
      0.9268292682926829
    ],
    "val_ece": [
      0.3414318561553955,
      0.2498859316110611,
      0.1658976674079895,
      0.15943807363510132,
      0.18699270486831665,
      0.1815471351146698
    ],
    "val_threshold": [
      0.19999998807907104,
      0.09999999403953552,
      0.14999999105930328,
      0.29999998211860657,
      0.29999998211860657,
      0.19999998807907104
    ],
    "base_loss": [
      0.6796203255653381,
      0.5649183988571167,
      0.5426931381225586,
      0.5242751240730286,
      0.5278591513633728,
      0.5226940512657166,
      0.520168662071228,
      0.5183269381523132,
      0.514144778251648,
      0.5140878558158875
    ],
    "dro_loss": [
      0.0,
      0.0,
      0.0,
      0.0,
      0.0,
      0.0,
      0.0,
      0.0,
      0.0,
      0.0
    ]
  },
  "runtime_sec": 0.679877758026123,
  "config": {
    "graph_file": "/home/user/FedSTGCN/cdro_suite/batch2_baselineplus_s3_v1/protocol_graphs/weak_temporal_ood.pt",
    "method": "posterior_ce",
    "hidden_dim": 64,
    "heads": 4,
    "dropout": 0.3,
    "lr": 0.005,
    "weight_decay": 0.0005,
    "epochs": 10,
    "patience": 4,
    "lambda_dro": 0.5,
    "ug_temperature": 0.35,
    "ug_priority_loss_scale": 1.0,
    "ug_uncertainty_scale": 0.2,
    "ug_disagreement_scale": 0.1,
    "ug_sample_weight_scale": 0.0,
    "posthoc_temperature_scaling": false,
    "temp_scale_min": 0.5,
    "temp_scale_max": 5.0,
    "temp_scale_steps": 31,
    "seed": 11,
    "force_cpu": true,
    "physics_context": false,
    "capacity": 120000.0,
    "train_supervised_nodes": 1272,
    "target_meta": {
      "covered_train_nodes": 1272,
      "pseudo_attack_nodes": 0,
      "pseudo_benign_nodes": 0,
      "effective_train_nodes": 1272
    }
  }
}