{
  "description": "Small sanitized node slice from external-J weak_attack_strategy_ood. IPs are anonymized and only numeric graph/weak-label fields are retained.",
  "feature_index": {
    "ln(N+1)": 0,
    "ln(T+1)": 1,
    "entropy": 2,
    "D_observed": 3,
    "pkt_rate": 4,
    "avg_pkt_size": 5,
    "port_diversity": 6
  },
  "nodes": [
    {
      "sample_node_id": 0,
      "anon_ip": "sample_ip_000",
      "window_idx": 0,
      "label": 0,
      "features": [
        4.859812259674072,
        0.00026794656878337264,
        0.0,
        0.00026798248291015625,
        2000.0,
        0.06400000303983688,
        0.5
      ],
      "weak_label": -1,
      "weak_posterior": [
        0.5830057859420776,
        0.41699424386024475
      ],
      "weak_agreement": 0.6666666865348816,
      "weak_uncertainty": 0.9800274968147278,
      "rho_proxy": 56.57622146606445,
      "view_probs": [
        0.2138245701789856,
        0.03725820034742355,
        0.9998999834060669,
        0.4409184157848358,
        0.49034997820854187
      ]
    },
    {
      "sample_node_id": 1,
      "anon_ip": "sample_ip_001",
      "window_idx": 0,
      "label": 0,
      "features": [
        7.367076873779297,
        0.002115632640197873,
        5.122356414794922,
        0.0001176595687866211,
        8971.2685546875,
        0.08326315879821777,
        0.21052631735801697
      ],
      "weak_label": 1,
      "weak_posterior": [
        0.2284928560256958,
        0.7715071439743042
      ],
      "weak_agreement": 0.800000011920929,
      "weak_uncertainty": 0.7753746509552002,
      "rho_proxy": 56.57622146606445,
      "view_probs": [
        0.928635835647583,
        0.2238701432943344,
        0.9951569437980652,
        0.8181678652763367,
        0.8917049765586853
      ]
    },
    {
      "sample_node_id": 2,
      "anon_ip": "sample_ip_002",
      "window_idx": 0,
      "label": 0,
      "features": [
        4.859812259674072,
        0.0002748588449321687,
        0.0,
        0.00027489662170410156,
        2000.0,
        0.06400000303983688,
        0.5
      ],
      "weak_label": -1,
      "weak_posterior": [
        0.5829946994781494,
        0.4170053005218506
      ],
      "weak_agreement": 0.6666666865348816,
      "weak_uncertainty": 0.9800328016281128,
      "rho_proxy": 56.57622146606445,
      "view_probs": [
        0.2137870192527771,
        0.03732889145612717,
        0.9998999834060669,
        0.43852126598358154,
        0.4904206693172455
      ]
    },
    {
      "sample_node_id": 3,
      "anon_ip": "sample_ip_003",
      "window_idx": 0,
      "label": 0,
      "features": [
        6.6970343589782715,
        0.015268703922629356,
        5.062798976898193,
        0.001709540723823011,
        649.9471435546875,
        0.08089999854564667,
        0.20000000298023224
      ],
      "weak_label": -1,
      "weak_posterior": [
        0.529426097869873,
        0.47057390213012695
      ],
      "weak_agreement": 0.6000000238418579,
      "weak_uncertainty": 0.9975000619888306,
      "rho_proxy": 56.57622146606445,
      "view_probs": [
        0.13715903460979462,
        0.24015586078166962,
        0.9998999834060669,
        0.1369992047548294,
        0.8386555314064026
      ]
    },
    {
      "sample_node_id": 4,
      "anon_ip": "sample_ip_000",
      "window_idx": 1,
      "label": 0,
      "features": [
        6.52502965927124,
        0.001039441442117095,
        5.062798976898193,
        0.00014856884081382304,
        7692.44189453125,
        0.08512499928474426,
        0.125
      ],
      "weak_label": -1,
      "weak_posterior": [
        0.45210063457489014,
        0.5478993654251099
      ],
      "weak_agreement": 0.6000000238418579,
      "weak_uncertainty": 0.9933696985244751,
      "rho_proxy": 47.1944580078125,
      "view_probs": [
        0.8335624933242798,
        0.20023146271705627,
        0.144280806183815,
        0.7390522956848145,
        0.8223698735237122
      ]
    },
    {
      "sample_node_id": 5,
      "anon_ip": "sample_ip_003",
      "window_idx": 1,
      "label": 0,
      "features": [
        7.160068988800049,
        0.2152065634727478,
        5.193238735198975,
        0.01847061701118946,
        58.30466079711914,
        0.09185714274644852,
        0.1428571492433548
      ],
      "weak_label": 0,
      "weak_posterior": [
        0.7352892160415649,
        0.26471078395843506
      ],
      "weak_agreement": 0.75,
      "weak_uncertainty": 0.8337720632553101,
      "rho_proxy": 47.1944580078125,
      "view_probs": [
        0.026188671588897705,
        0.2905718684196472,
        0.4538327753543854,
        0.026188671588897705,
        0.7158938646316528
      ]
    },
    {
      "sample_node_id": 6,
      "anon_ip": "sample_ip_000",
      "window_idx": 2,
      "label": 0,
      "features": [
        6.52502965927124,
        0.0013971101725474,
        5.062798976898193,
        0.0001997266517719254,
        5722.1064453125,
        0.08512499928474426,
        0.125
      ],
      "weak_label": -1,
      "weak_posterior": [
        0.566475510597229,
        0.433524489402771
      ],
      "weak_agreement": 0.5,
      "weak_uncertainty": 0.9872115254402161,
      "rho_proxy": 29.019607543945312,
      "view_probs": [
        0.7168965339660645,
        0.20642203092575073,
        0.1390184760093689,
        0.6717609167098999,
        0.49983400106430054
      ]
    },
    {
      "sample_node_id": 7,
      "anon_ip": "sample_ip_001",
      "window_idx": 2,
      "label": 0,
      "features": [
        7.217443466186523,
        0.4723528027534485,
        5.062798976898193,
        0.04025087505578995,
        26.500459671020508,
        0.08512499928474426,
        0.125
      ],
      "weak_label": 0,
      "weak_posterior": [
        0.8549826741218567,
        0.1450173407793045
      ],
      "weak_agreement": 1.0,
      "weak_uncertainty": 0.5972294211387634,
      "rho_proxy": 29.019607543945312,
      "view_probs": [
        0.02813655138015747,
        0.23300495743751526,
        0.1366054266691208,
        0.02813655138015747,
        0.29920315742492676
      ]
    },
    {
      "sample_node_id": 8,
      "anon_ip": "sample_ip_002",
      "window_idx": 2,
      "label": 0,
      "features": [
        6.52502965927124,
        0.004156522452831268,
        5.062798976898193,
        0.0005950246704742312,
        1920.688720703125,
        0.08512499928474426,
        0.125
      ],
      "weak_label": 0,
      "weak_posterior": [
        0.8151640892028809,
        0.18483588099479675
      ],
      "weak_agreement": 1.0,
      "weak_uncertainty": 0.6905426979064941,
      "rho_proxy": 29.019607543945312,
      "view_probs": [
        0.3561125099658966,
        0.22853940725326538,
        0.14113235473632812,
        0.4206298291683197,
        0.36384451389312744
      ]
    },
    {
      "sample_node_id": 9,
      "anon_ip": "sample_ip_003",
      "window_idx": 2,
      "label": 0,
      "features": [
        6.480044364929199,
        0.0017534609651193023,
        5.177225112915039,
        0.00029249986982904375,
        3988.60595703125,
        0.09300000220537186,
        0.1428571492433548
      ],
      "weak_label": -1,
      "weak_posterior": [
        0.74887615442276,
        0.25112384557724
      ],
      "weak_agreement": 1.0,
      "weak_uncertainty": 0.8130545020103455,
      "rho_proxy": 29.019607543945312,
      "view_probs": [
        0.5544236302375793,
        0.25112384557724,
        0.4678831398487091,
        0.5707419514656067,
        0.4268419146537781
      ]
    },
    {
      "sample_node_id": 10,
      "anon_ip": "sample_ip_004",
      "window_idx": 3,
      "label": 1,